base_scenario,n_replicates,n_finished_target,lambda_a_1,lambda_a_T,lambda_a_c,lambda_a_T_over_lambda_a_c,lambda_d,beta_a_R,beta_a_T,beta_d_R,beta_d_T,fraction_chi2_p_value_below_0p05,total_time_for_analyzed_1000_deaths_after_burnin_mean,total_time_for_analyzed_1000_deaths_after_burnin_std,total_time_for_analyzed_1000_deaths_after_burnin_min,total_time_for_analyzed_1000_deaths_after_burnin_max,observed_death_rate_after_burnin_mean,observed_death_rate_after_burnin_std,observed_death_rate_after_burnin_min,observed_death_rate_after_burnin_max,spatial_coefficient_of_variation_plot_bins_mean,spatial_coefficient_of_variation_plot_bins_std,spatial_coefficient_of_variation_plot_bins_min,spatial_coefficient_of_variation_plot_bins_max,spatial_cv_ratio_to_uniform_plot_bins_mean,spatial_cv_ratio_to_uniform_plot_bins_std,spatial_cv_ratio_to_uniform_plot_bins_min,spatial_cv_ratio_to_uniform_plot_bins_max,spatial_chi2_per_df_chi2_bins_mean,spatial_chi2_per_df_chi2_bins_std,spatial_chi2_per_df_chi2_bins_min,spatial_chi2_per_df_chi2_bins_max,spatial_chi2_p_value_chi2_bins_mean,spatial_chi2_p_value_chi2_bins_std,spatial_chi2_p_value_chi2_bins_min,spatial_chi2_p_value_chi2_bins_max,t_zone_density_ratio_mean,t_zone_density_ratio_std,t_zone_density_ratio_min,t_zone_density_ratio_max,death_rejected_mean,death_rejected_std,death_rejected_min,death_rejected_max,death_rejection_rate_mean,death_rejection_rate_std,death_rejection_rate_min,death_rejection_rate_max,death_rejection_rate_outside_active_mean,death_rejection_rate_outside_active_std,death_rejection_rate_outside_active_min,death_rejection_rate_outside_active_max,death_rejection_rate_by_erk_mean,death_rejection_rate_by_erk_std,death_rejection_rate_by_erk_min,death_rejection_rate_by_erk_max,accepted_activations_total_mean,accepted_activations_total_std,accepted_activations_total_min,accepted_activations_total_max,activation_acceptance_rate_mean,activation_acceptance_rate_std,activation_acceptance_rate_min,activation_acceptance_rate_max
baseline,5,5,5.0,0.5,0.05,10.0,1.0,2.5,1.2,2.0,0.8,0.0,26.23051891122113,0.5525065570732495,25.432202478034746,26.82803111112252,38.13718391889197,0.8103237079520229,37.27444611413971,39.32022800084573,0.619623759069977,0.01682249966529254,0.6006662967072482,0.6456004956627589,0.9809381254824817,0.026632018295053975,0.9509262072469516,1.0220623898872587,1.0884848484848484,0.1382724612622339,0.8626262626262626,1.2323232323232323,0.30264604230006537,0.3068945807344817,0.05828902809330877,0.8331595265231515,0.963823200514246,0.04206148594907995,0.8940823327615778,1.0022522522522521,2464.0,145.57300573938838,2252.0,2626.0,0.6148865438348755,0.016775354320953326,0.5930998156439294,0.6298872631326458,0.06397374412339113,0.015819095011883076,0.0476692125362128,0.08946989685775965,0.5509127997114844,0.01579332456320284,0.5340537823573762,0.5714638360898544,18021.0,274.0109486863618,17624.0,18386.0,0.9023888023559428,0.01721430791819629,0.8797129186602871,0.9224556560854674
higher_death_rate,5,5,5.0,0.5,0.05,10.0,1.5,2.5,1.2,2.0,0.8,0.2,20.068936941387758,1.7697977184569182,18.167787502265142,22.539678761572,50.135381016753634,4.362520147111728,44.36620461977943,55.04247558351951,0.6363695763814154,0.024335217693134296,0.6006662967072482,0.6681317235396026,1.0074487464887034,0.038525544699804536,0.9509262072469516,1.0577320040923424,1.1094949494949495,0.24961719493198725,0.9232323232323233,1.5333333333333334,0.38438105172981424,0.2993809362522258,0.0005129342852530613,0.693877970930794,1.0426514868054202,0.04621081450627404,0.9702486678507992,1.086448598130841,3192.4,239.9589548235281,2865.0,3534.0,0.6696789713122338,0.014849762639545195,0.6503972758229285,0.6875486381322957,0.07001958767901499,0.009972846148596802,0.061748013620885354,0.08212765957446809,0.5996593836332188,0.012852160804380463,0.5859574468085106,0.61646418098031,13983.4,708.9081745896291,13005.0,14765.0,0.8864868742356238,0.014146749732521146,0.8698597855543773,0.9010817232539235
larger_ERK_radius,5,5,5.0,0.5,0.05,10.0,1.0,2.5,1.2,1.0,0.8,1.0,52.375656297127534,2.0362638343173494,49.6339185192902,55.036557171445835,19.11601729181751,0.7456475546721877,18.169741193746432,20.147512625088236,0.6650399704009929,0.02350100447444991,0.629285308902091,0.6916646586316233,1.0528373910568536,0.03720488593065525,0.9962335082737976,1.0949874399893067,1.492121212121212,0.10203120252723764,1.3878787878787877,1.6242424242424243,0.00265962063255211,0.0029525776618519925,8.578271905373443e-05,0.00647179991384452,0.831639504338443,0.05314214939870946,0.7628824476650561,0.9088946459412779,6383.6,103.39390697715218,6286.0,6516.0,0.8033878399357836,0.0038761980529491763,0.7973110096397767,0.8067258883248731,0.030417313018361147,0.0062124678627187725,0.02301410541945063,0.03995433789954338,0.7729705269174223,0.00988673729750214,0.7573566717402334,0.7832219747587231,36588.8,1006.0726613918102,35716.0,38151.0,0.921989967578806,0.011000442834959013,0.9071882143764287,0.9324764663287473
shorter_ERK_duration,5,5,5.0,0.5,0.05,10.0,1.0,2.5,1.2,2.0,2.0,0.0,16.819692511683733,0.9757493655414673,16.159664615832817,18.543079578928847,59.60375016320448,3.2248403897096165,53.92847481150516,61.88247242583402,0.6113367674832633,0.032158916397993786,0.5699122739510003,0.6517668294720129,0.9678188319209156,0.0509113905127599,0.9022389305052726,1.031824429898487,0.8573737373737375,0.11862216160031967,0.7373737373737373,1.0464646464646463,0.7901948184365567,0.25329094980999495,0.3559901466360152,0.9767823614239072,0.9957382498663053,0.046966585841154956,0.9584805653710246,1.0777467411545623,1184.8,45.10764901876399,1112.0,1227.0,0.43327916068412275,0.01275773125499679,0.411090573012939,0.44136926438455937,0.09233861575376037,0.026379727073862352,0.06839186691312385,0.1369264384559359,0.34094054493036235,0.0219981916988929,0.30444282592862343,0.35932446999640677,11937.0,369.4096641941031,11565.0,12503.0,0.8766131111457796,0.019951846378625987,0.8426229508196721,0.8900199316628702
stronger_T_zone_activation,5,5,5.0,1.0,0.05,20.0,1.0,2.5,1.2,2.0,0.8,0.0,25.9881585813564,0.644353437587465,24.9966777747022,26.795306503226595,38.49820625598595,0.9654006912050974,37.31996869972671,40.00531626694994,0.619398933668327,0.015205302140181799,0.604648658313239,0.6437390775772432,0.9805822001248318,0.024071802219417824,0.9572307594394586,1.0191155436102768,1.0913131313131312,0.12200414637829561,0.9191919191919192,1.2424242424242424,0.300373898133604,0.25652168110053836,0.051444916997488765,0.7043271839237982,0.966136093183588,0.04087355765991467,0.9014629948364886,1.014492753623188,2427.6,178.61774827827162,2175.0,2619.0,0.6115931758341934,0.01797525582279933,0.5872030237580994,0.6282082034060926,0.06018701768226222,0.014891406560030478,0.04373650107991361,0.08443271767810026,0.5514061581519311,0.013459997390141393,0.5390967741935484,0.5709701308318934,18016.2,385.62442868677294,17552.0,18565.0,0.9111398111260254,0.016508024853733903,0.8882775119617224,0.9280601849433154
strong_visible_T_zone,5,5,5.0,2.0,0.005,400.0,1.0,5.0,3.0,2.0,0.8,1.0,162.98657069002832,8.321831168737653,156.05718901550404,177.03837796722905,6.14769425281443,0.29932291388503157,5.64849278152055,6.407907295450847,1.1323223976829055,0.026598583271400696,1.087382177525455,1.1572380913191547,1.7926010647042627,0.042108721676359845,1.7214553497849598,1.8320455718795887,9.535353535353533,0.279996647552335,9.113131313131314,9.806060606060605,1.715506097220218e-130,3.835987654831456e-130,3.775777752456749e-143,8.5775294228627e-130,11.14261039957634,0.5090740604921851,10.654761904761902,11.907894736842103,23105.2,997.8500388334913,22003.0,24739.0,0.936312418333498,0.0034366538055514806,0.9327257312420517,0.9419715950196094,0.82616926901967,0.004033367803040268,0.82001554764535,0.8303196048818319,0.11014314931382804,0.006212061489654451,0.10373039423484527,0.11712294863496173,28305.2,1124.9694218066552,26855.0,30014.0,0.22913104515728921,0.0013526471217808437,0.22749027946022415,0.23031760916540955
T0p5_c0p005_ratio_1e2,5,5,5.0,0.5,0.005,100.0,1.0,2.5,1.2,2.0,0.8,0.2,26.28505810363606,0.4709528683360816,25.578647946593243,26.82805677952127,38.0542813021748,0.6875036179806101,37.27441045090275,39.095107844947194,0.6214610280808185,0.015255760253593507,0.6,0.64,0.9838467409013077,0.024151683415806723,0.9498713802919552,1.0131961389780857,1.073939393939394,0.14394984899120014,0.8484848484848485,1.2464646464646465,0.333407367805869,0.30954153989568745,0.048902311511807336,0.8592911018393782,0.9662663835858304,0.044802259265452525,0.8904109589041095,1.0022522522522521,2492.2,150.8399814372834,2286.0,2691.0,0.6189328567816113,0.013017720836807656,0.6020542533579142,0.630653855167565,0.07029945555006427,0.019800331050584995,0.05478008954437714,0.10194516053433325,0.5486334012315469,0.019503631524600273,0.5287086946332318,0.5714638360898544,17983.6,326.1798583603837,17462.0,18360.0,0.8964136501447181,0.025953495449748048,0.8579840179447638,0.920666564432858
T0p5_c0p0005_ratio_1e3,5,5,5.0,0.5,0.0005,1000.0,1.0,2.5,1.2,2.0,0.8,0.2,26.264692990881827,0.47641077081138133,25.544740821089043,26.82805677952127,38.08403429397303,0.6966250677281093,37.27441045090275,39.1470012165646,0.6252795623774284,0.016787974605784906,0.6,0.64,0.9898919349729962,0.026577361018505368,0.9498713802919552,1.0131961389780857,1.086868686868687,0.13824737059333836,0.8707070707070708,1.2464646464646465,0.3097208256450766,0.299408331339297,0.048902311511807336,0.8170501225794982,0.9702399790655398,0.04595557521562802,0.8904109589041095,1.0022522522522521,2496.6,145.11133656610016,2300.0,2691.0,0.6166615116134864,0.0176197411606081,0.5886869721013566,0.630653855167565,0.0706536866815661,0.01967442706648882,0.05579728692091118,0.10194516053433325,0.5460078249319202,0.0205500024509529,0.5287086946332318,0.5714638360898544,17990.2,317.94449201079107,17483.0,18360.0,0.8919195693051873,0.023333413812676312,0.8579840179447638,0.920666564432858
T0p5_c0p00005_ratio_1e4,5,5,5.0,0.5,5e-05,10000.0,1.0,2.5,1.2,2.0,0.8,0.2,26.264692990881827,0.47641077081138133,25.544740821089043,26.82805677952127,38.08403429397303,0.6966250677281093,37.27441045090275,39.1470012165646,0.6252795623774284,0.016787974605784906,0.6,0.64,0.9898919349729962,0.026577361018505368,0.9498713802919552,1.0131961389780857,1.086868686868687,0.13824737059333836,0.8707070707070708,1.2464646464646465,0.3097208256450766,0.299408331339297,0.048902311511807336,0.8170501225794982,0.9702399790655398,0.04595557521562802,0.8904109589041095,1.0022522522522521,2496.6,145.11133656610016,2300.0,2691.0,0.6166615116134864,0.0176197411606081,0.5886869721013566,0.630653855167565,0.0706536866815661,0.01967442706648882,0.05579728692091118,0.10194516053433325,0.5460078249319202,0.0205500024509529,0.5287086946332318,0.5714638360898544,17990.2,317.94449201079107,17483.0,18360.0,0.8919195693051873,0.023333413812676312,0.8579840179447638,0.920666564432858
T0p5_c0p025_ratio_20,5,5,5.0,0.5,0.025,20.0,1.0,2.5,1.2,2.0,0.8,0.0,26.25325781601515,0.5004103369571589,25.502337258490726,26.829548198789368,38.10168128007986,0.7326515368983125,37.272338415490836,39.212092204100266,0.6217903153573474,0.017916602908000855,0.5993329625508679,0.6456004956627589,0.984368041834423,0.02836411389060939,0.9488153806544326,1.0220623898872587,1.0836363636363637,0.1370584617473036,0.8707070707070708,1.2383838383838384,0.31560378468065625,0.29876443702457506,0.05409731377305718,0.8170501225794982,0.9670063986488426,0.043440239713138935,0.8940823327615778,1.0022522522522521,2487.2,154.1677657618479,2286.0,2696.0,0.6176673797407177,0.01392633149495212,0.6020542533579142,0.6318256386219827,0.0685610964699493,0.017847599980662692,0.05478008954437714,0.09725802671666275,0.5491062832707685,0.018140697704129627,0.529027393817542,0.5714638360898544,18003.4,351.4090209428324,17469.0,18456.0,0.8973486344862535,0.024542565898961734,0.8624702088882658,0.9219444870418647
T0p5_c0p01_ratio_50,5,5,5.0,0.5,0.01,50.0,1.0,2.5,1.2,2.0,0.8,0.0,26.285356387489674,0.47138303788336827,25.578647946593243,26.829548198789368,38.05386689509242,0.688091595220328,37.272338415490836,39.095107844947194,0.6213276205909921,0.015491444846115004,0.5993329625508679,0.64,0.9836355409738033,0.0245248001644933,0.9488153806544326,1.0131961389780857,1.0723232323232323,0.1415540433511609,0.8484848484848485,1.2383838383838384,0.334446368258119,0.30835427729366754,0.05409731377305718,0.8592911018393782,0.9662663835858304,0.044802259265452525,0.8904109589041095,1.0022522522522521,2492.0,150.75145107095983,2286.0,2691.0,0.6188834862558151,0.012972819117115357,0.6020542533579142,0.630653855167565,0.07025008502426817,0.019841974856497233,0.05478008954437714,0.10194516053433325,0.5486334012315469,0.019503631524600273,0.5287086946332318,0.5714638360898544,17988.8,326.94296138623326,17462.0,18360.0,0.8966791886270343,0.02625725935260317,0.8579840179447638,0.9218933701375045
T1e-1_c1e-2_ratio_1e1,5,5,5.0,0.1,0.01,10.0,1.0,2.5,1.2,2.0,0.8,0.0,26.180770125061997,0.5984713256477477,25.462667851900964,27.092645548424997,38.211795107485315,0.8653702923574256,36.91038581716262,39.27318244169545,0.6167495837712811,0.018026054683133754,0.5878775382679627,0.6368673331236263,0.9763879640521929,0.028537389071810897,0.9306800811953775,1.0082367546283257,0.9737373737373737,0.11831555930784904,0.8121212121212121,1.1272727272727272,0.5481100902982188,0.28098080740403636,0.18221256580472764,0.9141709865961419,0.9579993426523474,0.02860336577779736,0.912629757785467,0.9901433691756271,2759.0,159.85931314752983,2499.0,2896.0,0.6399822200221859,0.010467042635739002,0.6233474681965577,0.6510791366906474,0.11922886210812597,0.036024954331263494,0.09767545820295039,0.18300359712230216,0.5207533579140597,0.031267533809884646,0.4680755395683453,0.5455967814036656,18043.0,615.137789442333,17068.0,18645.0,0.8445817888831687,0.0351067694353989,0.7839066734028384,0.8697820823244552
T1e-1_c1e-3_ratio_1e2,5,5,5.0,0.1,0.001,100.0,1.0,2.5,1.2,2.0,0.8,0.0,26.128406708365617,0.6134148864952106,25.462667851900964,27.07914899804196,38.28918038867519,0.8871591126400964,36.928782365808765,39.27318244169545,0.6164995330461004,0.01761837655475581,0.5885575587824865,0.6362389488234746,0.9759921040064088,0.027891986094282176,0.9317566345699734,1.0072419475240941,0.9757575757575758,0.11552305822622859,0.8202020202020204,1.1272727272727272,0.5448408308524403,0.277314100367552,0.18221256580472764,0.9035003453991421,0.9564830865728284,0.030617382552251517,0.912629757785467,0.9941651705565527,2765.2,152.86824392266695,2521.0,2902.0,0.6386023121312119,0.014505289091581658,0.6144284669753839,0.6524280575539568,0.11990833269157604,0.03625463398685848,0.09789897183728208,0.1841276978417266,0.5186939794396358,0.031606699631130976,0.4683003597122302,0.546043808672329,18041.0,605.9278009796217,17078.0,18624.0,0.8401193633556104,0.032065260370338855,0.7843659578376889,0.8620625810035178
T1e-1_c1e-4_ratio_1e3,5,5,5.0,0.1,0.0001,1000.0,1.0,2.5,1.2,2.0,0.8,0.0,26.128406708365617,0.6134148864952106,25.462667851900964,27.07914899804196,38.28918038867519,0.8871591126400964,36.928782365808765,39.27318244169545,0.6164995330461004,0.01761837655475581,0.5885575587824865,0.6362389488234746,0.9759921040064088,0.027891986094282176,0.9317566345699734,1.0072419475240941,0.9757575757575758,0.11552305822622859,0.8202020202020204,1.1272727272727272,0.5448408308524403,0.277314100367552,0.18221256580472764,0.9035003453991421,0.9564830865728284,0.030617382552251517,0.912629757785467,0.9941651705565527,2765.2,152.86824392266695,2521.0,2902.0,0.6386023121312119,0.014505289091581658,0.6144284669753839,0.6524280575539568,0.11990833269157604,0.03625463398685848,0.09789897183728208,0.1841276978417266,0.5186939794396358,0.031606699631130976,0.4683003597122302,0.546043808672329,18041.0,605.9278009796217,17078.0,18624.0,0.8401193633556104,0.032065260370338855,0.7843659578376889,0.8620625810035178
T1e-2_c1e-3_ratio_1e1,5,5,5.0,0.01,0.001,10.0,1.0,2.5,1.2,2.0,0.8,0.4,25.516664753795947,1.1807134438885976,23.778482593287,26.497272546668253,39.25923267457357,1.8687916864694385,37.739733334393286,42.05482818665284,0.6314891273068832,0.011262886685425195,0.6196773353931867,0.6424951361683604,0.9997224149905858,0.01783048953659457,0.9810229431759452,1.017146236371847,1.071919191919192,0.22629238621024986,0.8787878787878788,1.3555555555555554,0.4460815379098089,0.39032424228938645,0.010704268914997829,0.8001129931363746,0.9178143467670369,0.042978864624616864,0.8650592216582061,0.9623893805309732,3571.4,190.47519523549516,3365.0,3819.0,0.7008979057381992,0.010682291799440179,0.6877171469446147,0.7151685393258427,0.26066771712184406,0.059970012374401915,0.17678315961577765,0.3132836990595611,0.44023018861635527,0.050699686832806616,0.39184952978056425,0.5109339873288371,17915.4,609.8219412254696,17390.0,18611.0,0.7106509381375798,0.059189133186421994,0.6616609440440705,0.7891701649493279
T1e-2_c1e-4_ratio_1e2,5,5,5.0,0.01,0.0001,100.0,1.0,2.5,1.2,2.0,0.8,0.4,25.516664753795947,1.1807134438885976,23.778482593287,26.497272546668253,39.25923267457357,1.8687916864694385,37.739733334393286,42.05482818665284,0.6314891273068832,0.011262886685425195,0.6196773353931867,0.6424951361683604,0.9997224149905858,0.01783048953659457,0.9810229431759452,1.017146236371847,1.071919191919192,0.22629238621024986,0.8787878787878788,1.3555555555555554,0.4460815379098089,0.39032424228938645,0.010704268914997829,0.8001129931363746,0.9178143467670369,0.042978864624616864,0.8650592216582061,0.9623893805309732,3571.4,190.47519523549516,3365.0,3819.0,0.7008979057381992,0.010682291799440179,0.6877171469446147,0.7151685393258427,0.26066771712184406,0.059970012374401915,0.17678315961577765,0.3132836990595611,0.44023018861635527,0.050699686832806616,0.39184952978056425,0.5109339873288371,17915.0,610.1520302350882,17390.0,18611.0,0.7106357468543684,0.05920373940386221,0.6616232124665132,0.7891701649493279
T1e-3_c1e-4_ratio_1e1,5,5,5.0,0.001,0.0001,10.0,1.0,2.5,1.2,2.0,0.8,0.0,25.519400588896186,0.8229256396503949,24.725562985982698,26.640821188045493,39.218183822623,1.2526916334657279,37.53638046445539,40.443972926598896,0.6219644864731266,0.021218434385571295,0.5986651818838307,0.6474565622495458,0.9846437754313433,0.03359130592909486,0.9477582044145477,1.0250007641051007,1.0145454545454544,0.08438304277742475,0.9171717171717172,1.105050505050505,0.4536951265709857,0.21732231270330554,0.2231214826169492,0.7095009520041401,0.9688986443291778,0.11782618964187608,0.8473154362416104,1.1309523809523807,10721.0,12660.684914332242,3675.0,33189.0,0.795517813839032,0.1026638747141359,0.7030801607040368,0.95662074133856,0.5057132567122211,0.24634591890833776,0.29596326764874686,0.8975615380181011,0.28980455712681097,0.14383061217453985,0.05905920332045887,0.40711689305528986,17677.2,495.92358282299904,17145.0,18255.0,0.47217011880647447,0.2344564453144288,0.10034576197078571,0.6744889647414762
T0p5_c0p005_ratio_1e2_local_activation,5,5,5.0,0.5,0.005,100.0,1.0,5.0,3.0,2.0,0.8,1.0,497.46094094687,20.135813373438378,475.4700215193046,527.0593491941518,2.0128095873865024,0.08038163806892355,1.897319536270349,2.103182019351348,1.1651788080144048,0.03671418925515774,1.1041738993473809,1.1946547618454464,1.84461667109263,0.05812292937349462,1.7480386430924117,1.8912806126774853,9.776565656565657,0.5480830792210192,8.957575757575759,10.345454545454544,1.6471112800690467e-127,3.683052788625654e-127,1.2785488092676827e-153,8.235556400138747e-127,11.428650631099355,1.4521018173135618,8.912601626016258,12.486263736263734,72253.8,3654.405998243764,68188.0,77956.0,0.978924581308207,0.0011511266145886436,0.9775216468834222,0.9805046160038237,0.9436768372310389,0.0031956853119978735,0.9380268364011698,0.9455976595151853,0.03524774407716792,0.0025076555132820593,0.0331568682084146,0.039494810482252424,24745.4,842.72195889273,23925.0,26169.0,0.067086093260936,0.0012070763644411679,0.06580714274937007,0.06858445132438941
T0p5_c0p0005_ratio_1e3_local_activation,5,5,5.0,0.5,0.0005,1000.0,1.0,5.0,3.0,2.0,0.8,1.0,504.8190746829159,19.657507690114805,481.1771706107605,529.9285997807588,1.9833169928568553,0.07736871736075471,1.8870466708415405,2.078236585353156,1.1858289003636724,0.03823968917047812,1.1203570859328733,1.2119405926034494,1.8773082239642214,0.06053797722382896,1.7736585527248852,1.9186461392134813,10.212929292929292,0.5569122094731801,9.313131313131315,10.682828282828282,2.46050149618851e-134,5.50184860421741e-134,3.3767751959777745e-160,1.2302507480942482e-133,13.245742249018495,1.9855466173009262,9.811946902654864,14.775641025641022,73298.2,3276.9259527795257,69715.0,78480.0,0.9793652800897036,0.0009588011422218357,0.9783600207698893,0.9809264305177112,0.9446209823315215,0.002846323213064052,0.9397813548142638,0.9471123045676976,0.03474429775818192,0.0024212124292656238,0.031868925752763656,0.03857866595562541,24771.8,768.8775585228118,24047.0,26063.0,0.06621557666093118,0.0010291152368343726,0.06512884330894407,0.06749618269187586
T1e-1_c1e-4_ratio_1e3_local_activation,5,5,5.0,0.1,0.0001,1000.0,1.0,5.0,3.0,2.0,0.8,1.0,2236.290908281514,68.36760615679367,2157.9120683704823,2315.1860839217848,0.4475020594876008,0.013619150296118637,0.4319307233853361,0.46341091217638736,1.1936056853353079,0.011481938818745454,1.1777945491468365,1.2066482503198686,1.88961979975629,0.01817727512364923,1.8645888901640777,1.9102677317636771,10.508686868686869,0.31361448548426546,10.165656565656565,10.844444444444443,1.1920040457885033e-150,1.7881597634282897e-150,2.3429747381352818e-163,4.012848200431102e-150,15.086577995940868,2.0904123066946387,12.04787234042553,17.40671641791044,332716.4,13570.1751941528,319801.0,348319.0,0.9953961347734696,0.00020405885689555214,0.9951580329664517,0.995660836332349,0.986728746065088,0.0013415816069160052,0.9847778573545392,0.9881474965431396,0.008667388708381482,0.0011956364824741226,0.0073621783538732645,0.010455769040798183,23295.2,862.4730140705852,22383.0,24528.0,0.013946257031968601,0.00019881602145505175,0.013698472354840308,0.014231274727866148
T0p5_c0p005_ratio_1e2_betaR2p5_betaT1p2,5,5,5.0,0.5,0.005,100.0,1.0,2.5,1.2,2.0,0.8,0.2,26.28505810363606,0.4709528683360816,25.578647946593243,26.82805677952127,38.0542813021748,0.6875036179806101,37.27441045090275,39.095107844947194,0.6214610280808185,0.015255760253593507,0.6,0.64,0.9838467409013077,0.024151683415806723,0.9498713802919552,1.0131961389780857,1.073939393939394,0.14394984899120014,0.8484848484848485,1.2464646464646465,0.333407367805869,0.30954153989568745,0.048902311511807336,0.8592911018393782,0.9662663835858304,0.044802259265452525,0.8904109589041095,1.0022522522522521,2492.2,150.8399814372834,2286.0,2691.0,0.6189328567816113,0.013017720836807656,0.6020542533579142,0.630653855167565,0.07029945555006427,0.019800331050584995,0.05478008954437714,0.10194516053433325,0.5486334012315469,0.019503631524600273,0.5287086946332318,0.5714638360898544,17983.6,326.1798583603837,17462.0,18360.0,0.8964136501447181,0.025953495449748048,0.8579840179447638,0.920666564432858
T0p5_c0p005_ratio_1e2_betaR2p5_betaT2p0,5,5,5.0,0.5,0.005,100.0,1.0,2.5,2.0,2.0,0.8,0.2,31.547618156169488,1.5691561227532813,29.4879227000363,33.268218729628764,31.761943169224388,1.6047544259719422,30.05871784501036,33.91218873477205,0.6381771658131679,0.0106010043552726,0.6286493458200685,0.654217089351845,1.0103103756029364,0.01678265106570635,0.9952267030562386,1.035703482788704,1.1462626262626263,0.08946781174155685,1.0424242424242425,1.2505050505050506,0.1846219674417653,0.14070500254192816,0.04646619848576056,0.36632697504803136,1.1610284146023628,0.11407958003586983,0.9982014388489207,1.285496957403651,3417.6,297.47235165641865,3097.0,3861.0,0.6885519823267638,0.018572301534826786,0.6691875540190146,0.7156626506024096,0.22009420079221947,0.03495266782305169,0.19511668107173724,0.28155699721964783,0.46845778153454437,0.022111115746826605,0.4341056533827618,0.4934830559454582,16312.6,570.5482451116645,15408.0,16850.0,0.663838755523283,0.0254589136848877,0.6237044714243412,0.6934794566919138
T0p5_c0p005_ratio_1e2_betaR2p5_betaT3p0,5,5,5.0,0.5,0.005,100.0,1.0,2.5,3.0,2.0,0.8,1.0,64.14405432049114,6.603264518980181,53.73678850225363,71.47414471822258,15.733453654081694,1.7498112044641216,13.99107333067599,18.60922522301573,0.7620999425299582,0.0469531361550306,0.7071067811865476,0.8333066662399864,1.2064948738855854,0.07433240041435837,1.1194341570991124,1.3192235887797725,3.0315151515151517,0.4893615713097498,2.626262626262626,3.696969696969697,4.963223736268851e-17,9.234124161895768e-17,2.80335065878935e-32,2.1370377868245343e-16,2.128388552932529,0.23639344233071805,1.882832080200501,2.49251497005988,8161.2,782.4472506182126,6907.0,8906.0,0.8366491219766145,0.014811104088082937,0.8120150482012697,0.8496470139286396,0.5874948996650986,0.0441684641406343,0.509287561721138,0.6154643449419569,0.2491542223115158,0.03203718287479481,0.2193200663349917,0.30272748648013165,14514.4,492.64266969072014,13782.0,15161.0,0.2996256856180143,0.025741436886089236,0.2819413048938349,0.3445840615995087
T0p5_c0p005_ratio_1e2_betaR2p5_betaT5p0,5,5,5.0,0.5,0.005,100.0,1.0,2.5,5.0,2.0,0.8,1.0,150.78285100028683,10.8500088941166,144.4230489813686,169.9654214603704,6.657337227460067,0.4393164080007462,5.883549673856236,6.924102538016669,0.9400512836860196,0.02791916994348634,0.8971064596802322,0.9711848433743187,1.4882130173001067,0.04419936748470836,1.4202262518754858,1.5375011461576507,5.844444444444444,0.5460471901998115,5.187878787878789,6.422222222222222,6.1960264226643544e-58,1.38539174226191e-57,2.707579201619146e-79,3.0978667286005893e-57,3.9462782445137803,0.4202446166240541,3.502851711026615,4.431818181818181,20835.0,1544.1960691570225,19549.0,23457.0,0.9291850890032484,0.005767064592784931,0.9252212598797861,0.9391816143497758,0.8243870170411298,0.011938989148062953,0.8103772287665582,0.8397261370916079,0.10479807196211857,0.009346098431863131,0.09191159070471863,0.11628546546271257,14604.0,622.4399569436397,13848.0,15404.0,0.13019442743622095,0.004310543387931496,0.12291929331779952,0.13357772204000257
T0p5_c0p005_ratio_1e2_betaR3p5_betaT1p2,5,5,5.0,0.5,0.005,100.0,1.0,3.5,1.2,2.0,0.8,1.0,40.50633850940068,3.5527868007872416,36.70105520091137,44.29832307771634,24.83770753330774,2.142415744528591,22.574217950544412,27.24717299068741,0.6993703143324934,0.02003632421595272,0.6829348431585549,0.7326663633605681,1.1071864096837067,0.03171988489830694,1.0811671035341441,1.1598980164313168,1.8210101010101014,0.41355366028572493,1.3010101010101012,2.4242424242424243,0.004748507653855815,0.010598923881232908,1.0186020627195137e-13,0.02370843087603301,1.4335681545019487,0.27551866663195174,1.1174242424242422,1.8517369727047142,4905.2,386.4358937779978,4453.0,5345.0,0.7572291812046796,0.01573548436713896,0.7394553304549983,0.7731809634022856,0.3718569319810705,0.017106742693142978,0.35458102380176065,0.3996817590047736,0.38537224922360913,0.011488932455096383,0.37349920439751194,0.39854853341397034,16087.8,548.1958591598444,15584.0,16887.0,0.5003441118309806,0.016283228021069348,0.4732418626752198,0.5143064585327217
T0p5_c0p005_ratio_1e2_betaR3p5_betaT2p0,5,5,5.0,0.5,0.005,100.0,1.0,3.5,2.0,2.0,0.8,1.0,110.24345786981112,10.214018797699541,94.58920041986632,118.06506417250671,9.13806033977609,0.9082692401036061,8.469906038748977,10.572031432353377,0.9907343750329499,0.0381673638084685,0.9385094565320052,1.0241093691593686,1.5684503805253929,0.060423477571425334,1.4857721214885142,1.621286966755555,6.6012121212121215,0.7957757568551888,5.531313131313133,7.402020202020202,5.663511771647477e-64,1.2663997312764056e-63,2.2382108002797647e-97,2.831755885821955e-63,4.615104131967193,0.821321517373463,3.77008032128514,5.733240223463685,14977.2,1030.21852050912,13177.0,15781.0,0.905781858572945,0.005999921722481687,0.8956634040239261,0.9113010336663394,0.7466368345646981,0.009053853565748022,0.7346383904295813,0.7597179426404361,0.15914502400824687,0.007269536183338566,0.14636169708461721,0.1645342580413727,14982.0,475.1931186370442,14167.0,15408.0,0.1812027472415363,0.005972531016989377,0.17717065093656215,0.19166350993019102
T0p5_c0p005_ratio_1e2_betaR3p5_betaT3p0,5,5,5.0,0.5,0.005,100.0,1.0,3.5,3.0,2.0,0.8,1.0,199.1073570578344,8.97445856076225,192.8715704411057,214.71778001190256,5.030187907712918,0.21558383018440924,4.657276169419069,5.184797312081591,1.0549891629262884,0.02733738530130248,1.026450193628507,1.0950799057603056,1.6701733539697468,0.04327833318286861,1.6249927703714246,1.7336417693575428,7.942626262626263,0.6082898395712524,7.197979797979798,8.537373737373736,2.8210594523386e-94,6.307878724631324e-94,8.702130598460295e-119,1.4104935946548008e-93,6.263913753398666,0.7721003590140446,5.328947368421051,7.139261744966441,28729.0,1006.50534027396,27816.0,30344.0,0.9493987535052103,0.002266726735642344,0.9473348335740436,0.9526261262675415,0.8658378316559882,0.008531984400578379,0.8561112417290834,0.8765411361574899,0.08356092184922222,0.0074589639193655,0.07216044613162227,0.0912235918449602,16309.6,350.80664189835403,15757.0,16663.0,0.10784128644517614,0.0027767135318135677,0.1048231349433516,0.1119281045751634
T0p5_c0p005_ratio_1e2_betaR3p5_betaT5p0,5,5,5.0,0.5,0.005,100.0,1.0,3.5,5.0,2.0,0.8,1.0,392.04742598933524,22.6208301156789,354.0341204374451,413.831087795758,2.5579273269239886,0.15645280946978665,2.4164448478881306,2.824586508115089,1.1030076164475746,0.028596286005348536,1.061319932913728,1.1310172412478954,1.7461922785126625,0.0452713227652066,1.6801957160135468,1.7905348467968962,8.947474747474747,0.6087214317328352,8.113131313131312,9.71919191919192,1.950697456489921e-111,4.361892114569423e-111,1.809162141480849e-141,9.753487279447945e-111,8.386748708652414,1.0515592691583975,7.253401360544216,9.433760683760681,57361.2,3007.630163434328,53537.0,61857.0,0.9737239299315481,0.0012120940183109861,0.9727456075004088,0.975708629745887,0.9295309422839301,0.005209989349258446,0.9212927432420909,0.9358068208659629,0.044192987647617976,0.005182661368744192,0.03693878663444592,0.051453909780847615,21585.2,1105.900854507311,19908.0,22958.0,0.07324591147068112,0.0009855126913689977,0.07234215526558753,0.07469553727114212
T0p5_c0p005_ratio_1e2_betaR5p0_betaT1p2,5,5,5.0,0.5,0.005,100.0,1.0,5.0,1.2,2.0,0.8,1.0,144.0162410758985,9.002703864796864,133.7010714675983,156.04601427765024,6.965226966828608,0.4316457501471277,6.4083661773040586,7.479371623752053,1.0894385785938037,0.020111671720436056,1.0635788640246664,1.1139120252515455,1.7247108773203368,0.0318391689617821,1.683771872700766,1.7634552549158213,8.834747474747475,0.4466597681397391,8.117171717171717,9.177777777777777,1.63601993092472e-111,3.658251778023327e-111,4.922028869405392e-131,8.180099654500424e-111,7.895707328846862,0.9298460193926962,6.762820512820512,9.166666666666664,20697.6,700.4800496802175,19555.0,21338.0,0.9305585168424975,0.0031195539335007456,0.9253738406208594,0.9334723023018583,0.8203663171546103,0.006109655577589494,0.8121319199057715,0.8267287234042553,0.11019219968788722,0.005018390041116901,0.10465425531914893,0.1181933496421129,15020.8,385.84997084359094,14387.0,15439.0,0.13484439542932516,0.0013787930181716028,0.13332448925444415,0.1364921437503398
T0p5_c0p005_ratio_1e2_betaR5p0_betaT2p0,5,5,5.0,0.5,0.005,100.0,1.0,5.0,2.0,2.0,0.8,1.0,305.2659395831207,19.255264901082644,286.5163069408362,333.21615258005306,3.286069430929485,0.20308447419213885,3.0010549976557823,3.490202741606933,1.15656566717806,0.03383521658289115,1.1142710621747294,1.206979701569169,1.8309810444678498,0.05356517313011348,1.764023653078822,1.9107924585231313,9.755959595959597,0.47122354290183893,9.145454545454545,10.393939393939394,4.11068389779981e-131,9.191767955676266e-131,1.454400204772193e-154,2.0553418283636907e-130,10.00701352368954,1.053436192668008,8.995901639344261,11.376262626262623,44190.0,2734.37223142717,41815.0,48530.0,0.966050539246632,0.00235553220328026,0.9631007324745701,0.9693979465462826,0.9094801470162089,0.0029071920209702735,0.9062824446854163,0.9142263593144501,0.05657039223042294,0.0017688720612816118,0.05437303391426144,0.05846388113420852,18980.8,842.2987593484868,18247.0,20302.0,0.08310141320210204,0.0011400290827644,0.08127009034902666,0.0842574412580773
T0p5_c0p005_ratio_1e2_betaR5p0_betaT3p0,5,5,5.0,0.5,0.005,100.0,1.0,5.0,3.0,2.0,0.8,1.0,497.46094094687,20.135813373438378,475.4700215193046,527.0593491941518,2.0128095873865024,0.08038163806892355,1.897319536270349,2.103182019351348,1.1651788080144048,0.03671418925515774,1.1041738993473809,1.1946547618454464,1.84461667109263,0.05812292937349462,1.7480386430924117,1.8912806126774853,9.776565656565657,0.5480830792210192,8.957575757575759,10.345454545454544,1.6471112800690467e-127,3.683052788625654e-127,1.2785488092676827e-153,8.235556400138747e-127,11.428650631099355,1.4521018173135618,8.912601626016258,12.486263736263734,72253.8,3654.405998243764,68188.0,77956.0,0.978924581308207,0.0011511266145886436,0.9775216468834222,0.9805046160038237,0.9436768372310389,0.0031956853119978735,0.9380268364011698,0.9455976595151853,0.03524774407716792,0.0025076555132820593,0.0331568682084146,0.039494810482252424,24745.4,842.72195889273,23925.0,26169.0,0.067086093260936,0.0012070763644411679,0.06580714274937007,0.06858445132438941
T0p5_c0p005_ratio_1e2_betaR5p0_betaT5p0,5,5,5.0,0.5,0.005,100.0,1.0,5.0,5.0,2.0,0.8,1.0,858.7508002960291,25.46103551422203,820.9533441137697,882.7505332183703,1.1653155955339964,0.03514314186847983,1.1328228784571295,1.218096018695817,1.1504238237109088,0.016008819380719554,1.1310172412478954,1.1713240371477058,1.8212577755817165,0.02534386560334776,1.7905348467968962,1.8543452998910612,9.749494949494949,0.29690097466369,9.434343434343434,10.179797979797979,1.1896073274810179e-136,2.524194810792252e-136,2.1313916767706812e-150,5.70096680379594e-136,13.435798627614812,1.243238562597244,11.907894736842103,15.19736842105263,128338.6,4490.272964976628,122303.0,133071.0,0.9880681649784361,0.00023098167180460807,0.9878121668335864,0.9883325085106702,0.967068687519372,0.0013719030389698172,0.9659423411112926,0.9694440695250521,0.020999477459064123,0.0012637766643904635,0.01888843898561809,0.022301602625989573,36935.0,1079.902078894193,35699.0,38215.0,0.05691393041609999,0.0004917972508167498,0.056395381184597734,0.05768332743557303
T0p5_c0p005_ratio_1e2_betaR7p5_betaT1p2,5,5,5.0,0.5,0.005,100.0,1.0,7.5,1.2,2.0,0.8,1.0,444.3800594283601,17.707440009883495,429.2624068823335,473.4345854056154,2.25309608661834,0.08693028543608863,2.112224224479184,2.329577395940272,1.2066993776615358,0.015676891881912697,1.1838918869558994,1.2214745187681975,1.9103486724280105,0.024818384884266926,1.874241701298746,1.9337394785563324,10.604040404040402,0.3018698318279249,10.117171717171717,10.874747474747474,7.019550765547964e-150,1.5696192663835234e-149,5.983868755333065e-164,3.5097753792963234e-149,17.547457919701724,1.426761498936038,16.11111111111111,19.241803278688522,65103.6,2095.645318273109,62634.0,68397.0,0.976769824333279,0.0008751025223687042,0.9758351101634684,0.9780780780780781,0.9363294129651308,0.0042672021061719275,0.9326190262709585,0.9423709423709423,0.040440411368148126,0.0037070485797666593,0.035707135707135705,0.0437998744732359,23457.8,801.1876808838239,22336.0,24387.0,0.07037072278481946,0.0010197289867238776,0.06963639778724333,0.07200103959528315
T0p5_c0p005_ratio_1e2_betaR7p5_betaT2p0,5,5,5.0,0.5,0.005,100.0,1.0,7.5,2.0,2.0,0.8,1.0,761.936987185765,13.322728529814388,745.433526533016,782.6292432803345,1.3127631218823799,0.022782180897627003,1.2777442302163045,1.3415012397563648,1.187519756414839,0.015685507819383625,1.16413057686842,1.2033287165193058,1.8799850502495492,0.02483202493829696,1.8429571964834603,1.9050125148419,10.431111111111111,0.4159570940020222,9.791919191919192,10.886868686868686,1.4181244689608857e-143,3.171022712673889e-143,3.4659491759018806e-164,7.090622343948565e-143,18.69197662543601,2.030481068286696,16.355633802816897,21.47727272727272,114670.2,3077.7765026070365,111887.0,118280.0,0.9865004922761951,0.0003518499460439701,0.9859970390214671,0.986941466060328,0.9625917534738591,0.001993735077499133,0.9600356022418838,0.9654839953721558,0.023908738802335943,0.0018315267976768696,0.02098306629737405,0.025961436779583347,33994.2,1196.7400302488425,32808.0,35413.0,0.05853579688660693,0.0006730084083294035,0.057606607692820944,0.05933763959752348
T0p5_c0p005_ratio_1e2_betaR7p5_betaT3p0,5,5,5.0,0.5,0.005,100.0,1.0,7.5,3.0,2.0,0.8,1.0,1186.8531526397055,48.2524113746728,1127.009667104992,1239.074472761965,0.8436830916049372,0.03441112331454633,0.807053992300354,0.8873038352623466,1.1705493312906647,0.025842383185816598,1.1384199576606167,1.2003332870498926,1.8531188483548147,0.04091156697790873,1.802254227558332,1.900270393634102,10.376565656565656,0.09060104937551246,10.298989898989898,10.513131313131312,3.587619966027283e-153,4.3388712422606807e-153,6.918378219060235e-157,1.0256138055136869e-152,19.58345775042384,3.001034478612247,15.873287671232875,23.749999999999993,177691.2,6713.62690354476,169401.0,184719.0,0.9914261366831827,0.00040740325252063545,0.9908113609245959,0.9918490955073375,0.9761110555195038,0.001205797136612406,0.9740951734786982,0.9771569919070793,0.015315081163678801,0.0008263261290803551,0.01453499314387116,0.016716187445897573,47955.8,2029.857310256068,45375.0,50212.0,0.053515836745318054,0.00042797307222132094,0.053085899698297946,0.05402243611438267
T0p5_c0p005_ratio_1e2_betaR7p5_betaT5p0,5,5,5.0,0.5,0.005,100.0,1.0,7.5,5.0,2.0,0.8,1.0,2043.9909874327655,44.31885948313783,1980.6505804952471,2092.3143253548624,0.489424480313353,0.010697371585931282,0.47793966130323046,0.5048846120803182,1.187224317999105,0.033511541884100625,1.1324310133513653,1.2214745187681975,1.8795173360899753,0.05305275757527056,1.7927730162291315,1.9337394785563324,10.478787878787879,0.3606442556802875,10.056565656565656,11.030303030303031,1.054184934639358e-148,2.3572161269779764e-148,5.3885502291980926e-167,5.2709013326713734e-148,19.817612776131575,2.495636555305455,16.865942028985504,23.259803921568622,304157.8,4526.56190723158,297279.0,309057.0,0.9948401291845773,0.00013526716892576653,0.9946566469037327,0.9949756319789718,0.9856279161600854,0.0005129833911576911,0.9850411441372032,0.9864443665133901,0.009212213024491845,0.00045954819196329313,0.008531265465581604,0.009772946515858782,76071.0,1330.6847861157803,74034.0,77454.0,0.049777765502483196,0.00030330878177845004,0.04949161160791221,0.05020447679308024
T1e-1_c1e-4_ratio_1e3_betaR2p5_betaT1p2,5,5,5.0,0.1,0.0001,1000.0,1.0,2.5,1.2,2.0,0.8,0.0,26.128406708365617,0.6134148864952106,25.462667851900964,27.07914899804196,38.28918038867519,0.8871591126400964,36.928782365808765,39.27318244169545,0.6164995330461004,0.01761837655475581,0.5885575587824865,0.6362389488234746,0.9759921040064088,0.027891986094282176,0.9317566345699734,1.0072419475240941,0.9757575757575758,0.11552305822622859,0.8202020202020204,1.1272727272727272,0.5448408308524403,0.277314100367552,0.18221256580472764,0.9035003453991421,0.9564830865728284,0.030617382552251517,0.912629757785467,0.9941651705565527,2765.2,152.86824392266695,2521.0,2902.0,0.6386023121312119,0.014505289091581658,0.6144284669753839,0.6524280575539568,0.11990833269157604,0.03625463398685848,0.09789897183728208,0.1841276978417266,0.5186939794396358,0.031606699631130976,0.4683003597122302,0.546043808672329,18041.0,605.9278009796217,17078.0,18624.0,0.8401193633556104,0.032065260370338855,0.7843659578376889,0.8620625810035178
T1e-1_c1e-4_ratio_1e3_betaR2p5_betaT2p0,5,5,5.0,0.1,0.0001,1000.0,1.0,2.5,2.0,2.0,0.8,0.4,31.817989890755182,1.494772750448116,29.54295638535419,32.965572445481584,31.48620511027995,1.528956860836803,30.33467723497896,33.849015885754284,0.6409533359442531,0.016538634387904448,0.6125357132445421,0.6536053855347277,1.0147053831935016,0.026182625790304677,0.9697169056961842,1.0347350828735455,1.1539393939393938,0.13754000633087002,0.9272727272727274,1.2666666666666668,0.20681392468123186,0.2713956890794053,0.03772163195390423,0.6832999302108024,1.0870907134436476,0.09634863997800326,0.9429824561403506,1.1724806201550386,3900.2,271.4805702071513,3523.0,4286.0,0.7110361606035809,0.014702834429680522,0.690242946708464,0.7316490269716627,0.2859302903249067,0.03343481491790222,0.2518248175182482,0.32212359166951177,0.42510587027867414,0.02620460590082266,0.3912807525325615,0.4604014598540146,15993.6,423.92487542016215,15381.0,16573.0,0.5866328197908863,0.023107610655055955,0.5626931042678165,0.6144260540499217
T1e-1_c1e-4_ratio_1e3_betaR2p5_betaT3p0,5,5,5.0,0.1,0.0001,1000.0,1.0,2.5,3.0,2.0,0.8,1.0,131.94152645262997,29.163870311505786,87.00709740845596,162.89929320869402,7.947076128624898,2.115076395933457,6.138762055393801,11.49331525571399,0.79787613823058,0.05140121645273153,0.7397296803562772,0.8685620300243386,1.2631328478718262,0.08137424070106944,1.1710800875382397,1.3750370238806686,3.4804040404040406,0.8912713709458456,2.262626262626263,4.636363636363638,2.2425131227957035e-12,5.014411782785779e-12,9.816311866870396e-48,1.1212565613583632e-11,2.2298193855897614,0.4296835781107004,1.5716704288939047,2.7182539682539675,18462.2,3326.4017646700463,12942.0,21526.0,0.9201863808191376,0.01569049582435397,0.892982819292072,0.9323054268266274,0.7942734318575468,0.04421906333188424,0.7203477540881805,0.8304509530450953,0.12591294896159091,0.029421928806656002,0.09549046954904696,0.17263506520389155,13141.6,575.9416637125673,12302.0,13825.0,0.13516588792783316,0.031213100080058738,0.11184988817601699,0.1869844306728223
T1e-1_c1e-4_ratio_1e3_betaR2p5_betaT5p0,5,5,5.0,0.1,0.0001,1000.0,1.0,2.5,5.0,2.0,0.8,1.0,577.0960729053081,23.74554290165731,544.558455549956,604.0305441445591,1.735183681140363,0.07203276338852074,1.6555454185122727,1.836350147185004,1.0079921183601435,0.039241071019892604,0.9682974749528164,1.0721940122944167,1.5957714413169355,0.06212328382300004,1.532930098444411,1.6974106773314452,7.1806060606060615,0.8338450831488794,6.133333333333334,8.189898989898989,9.511144419525491e-75,2.1267565465864817e-74,3.4407458353738526e-112,4.755572209760606e-74,4.618013507621358,0.4610612720107874,4.232456140350877,5.398936170212764,84907.0,4907.636090828251,77955.0,89413.0,0.982296267913856,0.0009076718161499743,0.9809979236141697,0.9833736296492565,0.951531706919831,0.0038096677293343083,0.9470584534071604,0.9552693182692413,0.030764560994025143,0.0031315417883054134,0.027409906692017715,0.033939470207009374,13326.2,459.1320071613392,12776.0,13943.0,0.03088134379421693,0.0015644834763351532,0.029154572174452782,0.03264515804561571
T1e-1_c1e-4_ratio_1e3_betaR3p5_betaT1p2,5,5,5.0,0.1,0.0001,1000.0,1.0,3.5,1.2,2.0,0.8,1.0,48.64199879139263,3.1553005395760287,45.43423757334175,52.67435858087961,20.62679864281929,1.319468792346944,18.98456909474342,22.009833407807502,0.7300982730580076,0.035994994056724426,0.6951258878793107,0.7688953114696434,1.155832423963971,0.056984357813769315,1.1004669776609863,1.217252751342805,2.424646464646465,0.4543734803742193,1.923232323232323,2.98989898989899,1.9772784043123028e-08,4.2553656426715725e-08,1.639031474700677e-21,9.585950813988463e-08,1.5336193543462828,0.23990496759019225,1.3062372188139055,1.9065656565656561,6595.6,216.77361463056337,6248.0,6799.0,0.8095998254353898,0.0036189011165959294,0.80380805351859,0.8127913927077107,0.4908843861465467,0.01949064166797758,0.4646854496333462,0.5168052041922659,0.31871543928884305,0.017461098772948155,0.29502469581978075,0.3391226038852438,15348.4,379.28656712306594,14841.0,15752.0,0.3777561790546107,0.018731019223173457,0.35339079912372606,0.40338276181649674
T1e-1_c1e-4_ratio_1e3_betaR3p5_betaT2p0,5,5,5.0,0.1,0.0001,1000.0,1.0,3.5,2.0,2.0,0.8,1.0,346.87868291578246,32.65255361999776,320.0840920592933,402.42854975125726,2.9016625510104026,0.25022836539969945,2.484913161896948,3.1241790042310416,1.0355927710478763,0.08387201971889352,0.9325234581499814,1.109233969908964,1.6394665580926948,0.13277938523043248,1.4762955739125836,1.7560493367735879,7.861414141414142,1.4679305570754626,6.016161616161615,9.195959595959597,1.23722531152546e-72,2.766519899998535e-72,2.2022348151012312e-131,6.186126557527575e-72,4.964267408281211,1.0745578697174656,3.690711462450592,6.2801204819277086,49699.6,3578.598650309923,47073.0,55886.0,0.9698279305758456,0.0020497182426706872,0.9677041361730121,0.9729626212155504,0.9147675217292752,0.004285153272452096,0.9087040539429323,0.9185501489572989,0.055060408846570486,0.0047235464794480875,0.05062360938169793,0.061125715976949456,13168.8,500.13268239538195,12702.0,14000.0,0.05151136336009858,0.0019075271170491417,0.048689894064701915,0.05320671103625333
T1e-1_c1e-4_ratio_1e3_betaR3p5_betaT3p0,5,5,5.0,0.1,0.0001,1000.0,1.0,3.5,3.0,2.0,0.8,1.0,801.3761329269016,11.865930169805194,784.0018505141061,810.9637230356354,1.2480742621286705,0.018638556685668998,1.2331007807066332,1.2755071934387068,1.0998745936421417,0.03232410595309366,1.0514751542475933,1.1377170122662315,1.7412323306848578,0.05117290523061419,1.6646102601797632,1.8011413813716077,9.157171717171718,0.4520366229171268,8.76161616161616,9.745454545454544,1.5130968678159857e-123,2.1526512691233432e-123,5.618279462584057e-142,4.609281712318786e-123,7.876607452576908,0.8605048820436558,6.562499999999999,8.83064516129032,119064.6,2978.450318538149,115617.0,123616.0,0.9873013303214334,0.0002333555861749878,0.9869647613194018,0.9875490179856711,0.9638041847004569,0.0025537332569277905,0.9602341049940717,0.9669407813094627,0.023497145620976496,0.0024808376876405093,0.020608236676208282,0.02707679888329227,14867.8,347.40279215918804,14657.0,15481.0,0.024683198153869212,0.0003921204922653953,0.02424038951330683,0.02519550899178545
T1e-1_c1e-4_ratio_1e3_betaR3p5_betaT5p0,5,5,5.0,0.1,0.0001,1000.0,1.0,3.5,5.0,2.0,0.8,1.0,1733.4389031183011,85.6877703567563,1591.1904261214204,1797.291657213675,0.5780746949274951,0.030021814770063212,0.5563927234549627,0.6284602921081754,1.151577406667742,0.011698100935514528,1.13525327570547,1.1634431657799191,1.823084034640864,0.01851948547068627,1.7972409932921976,1.841868942951023,9.809696969696969,0.2819372689266816,9.414141414141413,10.151515151515152,2.7940187470709764e-136,6.2476045680302896e-136,7.554428655037408e-150,1.3970073555585898e-135,9.961056285208825,0.37503294823932654,9.34322033898305,10.32407407407407,256680.2,13058.479302736594,238448.0,270137.0,0.9939368767387406,0.00037382767959951563,0.9933470807556917,0.9942583098083527,0.9832968867223354,0.0010766251243533593,0.9814878543711211,0.9841038749351708,0.010639990016405487,0.001092802116533275,0.009389906059280551,0.012317696899215608,19982.6,821.2355325970742,18790.0,20954.0,0.015490415977213559,0.00020738880054344238,0.015146626342607326,0.015657628740040033
T1e-1_c1e-4_ratio_1e3_betaR5p0_betaT1p2,5,5,5.0,0.1,0.0001,1000.0,1.0,5.0,1.2,2.0,0.8,1.0,522.8480628044474,20.03905825303628,502.22688776687176,555.8170415997992,1.9147850305832759,0.0712481898586758,1.7991531837917676,1.9911319452577558,1.1599392191219415,0.07600171003651734,1.0932520294973158,1.2821856339859685,1.8363217785368857,0.12031974869489281,1.7307480237759945,2.0298523965746127,9.753535353535353,1.290530445092736,8.34949494949495,11.41818181818182,6.488542131897169e-116,1.4508821280657683e-115,1.3168898177815515e-174,3.2442710657454074e-115,8.911589902932949,1.9326471353595611,6.919934640522873,11.77083333333333,77237.6,4017.7434338195367,71960.0,80702.0,0.9806473312778827,0.0010222043845915147,0.9792208145658415,0.9816686737461835,0.9469110515489071,0.002140085092383289,0.9435138187706669,0.9490370261605854,0.03373627972897579,0.0013128570575504557,0.032449893546729315,0.035706995795174654,13466.6,407.05319062746577,13071.0,14061.0,0.03422424548381284,0.0015115075661025878,0.03227399438519905,0.035712677801995246
T1e-1_c1e-4_ratio_1e3_betaR5p0_betaT2p0,5,5,5.0,0.1,0.0001,1000.0,1.0,5.0,2.0,2.0,0.8,1.0,1338.366791467277,78.31073096652072,1231.6733507405593,1447.7811980940003,0.7492322021548752,0.043932320135328225,0.6907121057494717,0.8119035776805086,1.1788307735344805,0.0307816375477731,1.1260550608207398,1.2046576277100478,1.8662293566463841,0.04873099424191649,1.7826791248442295,1.9071163393536257,10.468282828282828,0.5397653168609404,9.557575757575757,10.98989898989899,4.791664287852159e-139,1.0714487072995547e-138,3.333645101361831e-166,2.3958321439260793e-138,13.0168021951511,2.4444452121522904,10.432242990654203,16.60714285714285,195904.2,11767.954015035919,178893.0,204963.0,0.9920854738956386,0.0005619109466142864,0.9913386088575609,0.9925376748150156,0.9761530580875244,0.0021454490211050875,0.9730524097972083,0.9788720799597103,0.01593241580811424,0.0019774545585792935,0.013665594855305467,0.018572557282064788,17759.0,803.61433536243,16570.0,18676.0,0.018008860319137364,0.00042317631771488374,0.017518974765962526,0.01834594224737239
T1e-1_c1e-4_ratio_1e3_betaR5p0_betaT3p0,5,5,5.0,0.1,0.0001,1000.0,1.0,5.0,3.0,2.0,0.8,1.0,2236.290908281514,68.36760615679367,2157.9120683704823,2315.1860839217848,0.4475020594876008,0.013619150296118637,0.4319307233853361,0.46341091217638736,1.1936056853353079,0.011481938818745454,1.1777945491468365,1.2066482503198686,1.88961979975629,0.01817727512364923,1.8645888901640777,1.9102677317636771,10.508686868686869,0.31361448548426546,10.165656565656565,10.844444444444443,1.1920040457885033e-150,1.7881597634282897e-150,2.3429747381352818e-163,4.012848200431102e-150,15.086577995940868,2.0904123066946387,12.04787234042553,17.40671641791044,332716.4,13570.1751941528,319801.0,348319.0,0.9953961347734696,0.00020405885689555214,0.9951580329664517,0.995660836332349,0.986728746065088,0.0013415816069160052,0.9847778573545392,0.9881474965431396,0.008667388708381482,0.0011956364824741226,0.0073621783538732645,0.010455769040798183,23295.2,862.4730140705852,22383.0,24528.0,0.013946257031968601,0.00019881602145505175,0.013698472354840308,0.014231274727866148
T1e-1_c1e-4_ratio_1e3_betaR5p0_betaT5p0,5,5,5.0,0.1,0.0001,1000.0,1.0,5.0,5.0,2.0,0.8,1.0,4090.7753095833878,152.2836445536876,3864.146392263891,4260.046643703504,0.24472813440839256,0.00926205345839824,0.23473921382481447,0.25878936729778734,1.1886261686002455,0.01264077325068837,1.1679041056525148,1.2006664815842907,1.8817366323657563,0.020011847892648267,1.8489311414746596,1.9007978802212593,10.456161616161616,0.4634534530594622,9.957575757575759,11.21010101010101,8.771272679497991e-147,1.9613141364328477e-146,1.6074832034830526e-170,4.38563265538479e-146,15.505724371987565,1.3750407828898006,13.993902439024387,17.40671641791044,615632.6,19846.46639329027,592541.0,640182.0,0.9974882827336435,8.871765149306478e-05,0.997379135662511,0.9975706710339529,0.9931535800327094,0.00038996095378047226,0.9927147981504205,0.9936329453782756,0.004334702700934141,0.00031832461122489555,0.003937725655677291,0.004692962744137584,35584.0,1146.3247794582476,34312.0,37168.0,0.011535821229071637,3.846299585670969e-05,0.011479322230697489,0.011587057087642082
T1e-1_c1e-4_ratio_1e3_betaR7p5_betaT1p2,5,5,5.0,0.1,0.0001,1000.0,1.0,7.5,1.2,2.0,0.8,1.0,2023.5833473907217,121.4586860278565,1852.9205095218917,2174.601330338138,0.49562283562830506,0.03023796026375744,0.45985440459769505,0.5396885591481901,1.2196998102290362,0.014678765583884104,1.1983321743156194,1.2357993364620325,1.9309299038068175,0.023238232210243376,1.8971023941090623,1.9564173691484554,10.896565656565656,0.3087751737885802,10.549494949494951,11.349494949494948,2.7035887237238524e-158,6.04436596470753e-158,2.9464978425782152e-173,1.3516079205190925e-157,20.789563708120873,2.3745707959261395,18.591269841269835,24.79166666666666,295845.4,12191.960498623674,278064.0,308630.0,0.9948078114430073,0.0002844234593867244,0.9943570708262708,0.9950173331460068,0.9850021919874467,0.0010339711386322347,0.9835611245807139,0.986140017839581,0.009805619455560747,0.0007802193774580523,0.008877315306425843,0.010795946245556819,21917.2,985.5626311909355,20476.0,23198.0,0.014744775126193566,0.00018852720031978107,0.014470263934995122,0.014956020994390364
T1e-1_c1e-4_ratio_1e3_betaR7p5_betaT2p0,5,5,5.0,0.1,0.0001,1000.0,1.0,7.5,2.0,2.0,0.8,1.0,3694.4177055002197,169.3766462654654,3468.521590883901,3879.3114356759015,0.2711411612601818,0.012615150150626774,0.257777705291601,0.288307272651333,1.2189770390737409,0.014789278676437862,1.1943198901466894,1.234179889643321,1.929785671081958,0.023413187583183993,1.8907504709396203,1.953853592173457,10.855353535353537,0.10305604748669192,10.757575757575758,10.973737373737375,3.415260915976438e-162,4.970239661431059e-162,6.909061671192729e-166,1.1699717367194084e-161,22.398844889446387,1.3759166441897903,20.679824561403507,24.260204081632647,548800.4,19871.73750078236,523545.0,573252.0,0.9971896738550562,9.390388370055953e-05,0.9970709392610311,0.9972912741449769,0.9917811817033411,0.00034813284582918823,0.9914334940400485,0.9921402902017395,0.005408492151715409,0.00035255336795427395,0.004930649059291579,0.005748475324646748,32714.4,1206.3180757992477,31342.0,34335.0,0.011892701236578835,8.686001155155782e-05,0.011748448610771008,0.01195479213225566
T1e-1_c1e-4_ratio_1e3_betaR7p5_betaT3p0,5,5,5.0,0.1,0.0001,1000.0,1.0,7.5,3.0,2.0,0.8,1.0,5747.779374114192,249.8869081177631,5425.640556414779,6104.836243663034,0.17424190872646664,0.00753012131245284,0.1638045575813805,0.18431003484329456,1.2129621189777322,0.017424764168048897,1.1946547618454464,1.23547561691844,1.9202633369920554,0.027585474652610673,1.8912806126774853,1.9559048825989558,10.922424242424244,0.22676981394237128,10.585858585858587,11.185858585858586,5.278156295228218e-159,1.1802171647741118e-158,4.80606704162448e-170,2.6390522777056032e-158,26.662414965986386,3.9189455056415894,24.260204081632647,33.472222222222214,854920.2,21568.69928159786,823885.0,876992.0,0.998188188807006,4.715053920939423e-05,0.9981209930267155,0.9982362871612922,0.9950174555555467,0.00025818333153777314,0.9946712480344767,0.9952445018109137,0.0031707332514592373,0.00026936312451235437,0.0028821132104730105,0.0035408537650690117,46001.8,1242.729938482211,44381.0,47286.0,0.010746030174694828,4.98385162332954e-05,0.010690583787505795,0.010812111489873672
T1e-1_c1e-4_ratio_1e3_betaR7p5_betaT5p0,5,5,5.0,0.1,0.0001,1000.0,1.0,7.5,5.0,2.0,0.8,1.0,9978.245368626538,189.19049126503407,9721.78481880563,10165.810314992526,0.10024702417811296,0.0019122505556403322,0.09836894148272676,0.10286177061496152,1.2136663623755086,0.019169012696306307,1.1933147112141038,1.2412896519346321,1.921378238072568,0.030346827581124135,1.8891591531060612,1.9651091917087828,10.905050505050506,0.1945487061414699,10.731313131313133,11.163636363636364,1.084119100081782e-161,1.6633603388054497e-161,1.3113231128662307e-169,3.813987485164517e-161,27.80931211557809,3.780462979822381,23.259803921568622,32.533783783783775,1488069.0,49469.93583986136,1418435.0,1541823.0,0.9989463825559328,3.848903247573742e-05,0.9988894460046817,0.9989834079741245,0.9971195377311556,0.00011326450250516205,0.9969889234681926,0.997243107255833,0.0018268448247771238,0.00011330221519612385,0.001683098047975125,0.00197035103570592,74141.8,2479.5394128748994,70657.0,76739.0,0.009956615823678775,1.06350511474277e-05,0.009945150154074735,0.009973935184487668
