death_index,death_time,x,y
1,0.0266034288,2.1549791182,7.5588943620
2,0.0588959875,4.3415714630,7.0112224489
3,0.0928042375,2.5124474110,6.5800981559
4,0.0940370632,5.2867606831,4.9436782110
5,0.1255919881,4.3595330327,5.2183190922
6,0.1932218270,4.1901630479,4.6092256582
7,0.3252287899,1.8660552922,6.7132761205
8,0.6058577638,5.6036768506,6.8647912032
9,0.8809151719,6.9887309404,6.1751905014
10,0.9130369375,5.4052645228,0.9776787424
11,0.9146897929,0.2930991915,8.9531254010
12,0.9719103640,6.6099852176,5.9327714974
13,1.0184705999,2.5208866868,5.0889871855
14,1.0354079465,4.7563810656,0.9996909578
15,1.1310877749,0.4531190208,7.5056837520
16,1.2274135981,5.5629804251,7.8884466264
17,1.3265404402,2.2216667412,6.5959901256
18,1.3797086343,3.3556518895,1.4149172294
19,1.4043707799,4.1271704898,9.3247528915
20,1.5368977746,6.0012160847,7.5214161894
21,1.6999194596,7.5134702402,6.7242255227
22,1.7127550601,1.1821328240,7.9478414993
23,1.7505507388,5.5244936262,6.5330904005
24,1.7595964888,5.8609420621,4.6294237103
25,1.7604977393,6.5023008471,6.9676243653
26,1.7970699706,4.9967255977,8.2296253219
27,1.8052200737,6.8876484989,4.3629171977
28,1.8502982326,2.9877670575,3.3370492942
29,1.8955124824,6.9489008422,7.3260978877
30,1.9036100919,4.4013081002,3.0192564292
31,1.9312298411,4.7081489710,7.4368354348
32,1.9607102650,3.8654954338,9.5397918874
33,2.0064146762,1.3631513453,6.7856242497
34,2.0386549358,3.1132864972,3.7254331677
35,2.1090543892,2.6915321774,4.5552568204
36,2.1260159257,3.0657148532,5.1000945207
37,2.1262688408,6.9424130226,4.0111799039
38,2.1432610814,5.6005522211,4.6081445753
39,2.1573293762,3.6629542412,8.9416022314
40,2.1602199957,1.9135857568,7.8863478902
41,2.1859445853,6.9599120887,4.7381227135
42,2.1922312488,2.8975347670,4.0437090101
43,2.1959768609,8.3484334838,9.8416737652
44,2.2179331831,5.1116743666,8.7503388149
45,2.2531471610,1.2342815383,7.0844166878
46,2.2886460101,2.7162856780,7.6972020702
47,2.2926242133,7.1853860156,6.7727037308
48,2.3283151277,4.0995023748,9.6702752762
49,2.3620571105,4.2362951384,9.1988491890
50,2.3628937286,7.8406818559,8.6185291493
51,2.3893290345,4.2150008689,3.2075437545
52,2.4093696662,5.6258990716,3.0136911796
53,2.4181568316,2.4868889459,7.1931818280
54,2.4691121546,4.8402860922,4.8651224300
55,2.4734718650,1.3980382997,8.2535065094
56,2.4914878475,2.5483827997,6.7399792199
57,2.4928411331,7.5902006937,9.1796865216
58,2.5466571312,3.1090247864,5.1074770162
59,2.5733462727,8.8016014967,7.5549836544
60,2.5777034097,1.5196123972,3.8407012940
61,2.6040752056,6.9795007545,4.4142257364
62,2.6276801708,7.0691429833,8.7971521087
63,2.6814251987,6.1942093775,8.4092125720
64,2.7038171739,7.9749228404,5.3365151483
65,2.7100744460,5.3943244582,1.2304601311
66,2.7409675809,0.9031675757,9.4003755479
67,2.7539665405,0.5585620961,7.5558941652
68,2.7718779365,5.0528140024,3.9151430247
69,2.7954680784,5.6181723022,6.3991596816
70,2.8116802536,4.3287955994,8.2993171638
71,2.8298133763,1.7552071623,4.9182699560
72,2.8430325663,5.2568640861,8.4248061837
73,2.8859292432,7.5236139643,8.9083459896
74,2.9200591217,3.6056830703,2.4834208676
75,2.9475647855,2.3537754801,0.5181257367
76,2.9479905490,2.6750908832,3.3758921858
77,2.9535239257,7.2375907375,8.7241266948
78,2.9883075258,3.6819026654,1.0881282608
79,3.0135251538,3.2339922596,4.5486774047
80,3.0508288191,0.4884680335,3.0362439906
81,3.0682341180,0.6194653591,0.5319990966
82,3.1033787741,3.0139156408,3.5281877044
83,3.1092095200,5.0103351554,4.3188683834
84,3.1213007914,4.8766049247,7.1741333849
85,3.1340701142,6.4168891271,6.5409305813
86,3.1445557741,7.4133571838,9.6878005561
87,3.1699727244,0.8843766181,4.9281990951
88,3.1732706663,9.8929731862,9.9916441744
89,3.2193374566,0.2960374481,7.4503630530
90,3.2428731955,2.2649645704,2.9438939712
91,3.2926847388,5.9687138624,9.3919348141
92,3.3220240614,7.8919443347,7.9159551477
93,3.3676258062,3.5734411358,6.0618132709
94,3.3713057979,6.9355705171,1.7442909012
95,3.4091143748,5.2595544367,0.7039791730
96,3.4246773947,4.2683534033,1.6466769400
97,3.4347703146,0.5238311222,9.4840185370
98,3.4485830423,6.1895354752,9.4023472745
99,3.4739715420,6.8323817628,6.6279021841
100,3.4947101244,2.4712334956,6.3565758344
101,3.5092847641,7.2671615338,3.4894022041
102,3.5176506048,7.4043950165,7.7228289193
103,3.5336185541,3.7265796695,6.5784231012
104,3.5494412764,9.4731656012,7.8259045324
105,3.5503880792,2.7752149348,4.7106188065
106,3.5574705143,3.7617589238,0.3532157693
107,3.5578496402,0.1809289021,3.3451673823
108,3.5732012419,0.9786017320,6.8657640971
109,3.5892071924,2.9304913843,7.7528482000
110,3.5941234440,4.8571907400,4.3047085220
111,3.6302658947,8.3274647008,9.1649646228
112,3.6304818068,5.4050487572,9.2484584397
113,3.6701649935,9.2072002871,7.0517754778
114,3.6874728208,0.4375260063,5.8365160506
115,3.6914338720,4.2829888028,9.7332188807
116,3.7008393695,4.3735395103,6.7143535205
117,3.7151815607,7.0819484561,6.3663624866
118,3.7662290646,8.0882862950,9.8759885016
119,3.7900135856,5.5259788000,2.4544688209
120,3.8224116637,0.9393553010,8.2233889798
121,3.8461891732,7.0858215154,8.8761501397
122,3.8565323926,6.5108464758,6.1850133384
123,3.8631418197,5.8956203395,5.8253439658
124,3.8640984984,8.0548297675,2.9360827851
125,3.9149765393,3.8539553213,9.5302615152
126,3.9149869179,5.5215633770,0.5081194181
127,3.9187894017,8.5518775502,8.2765094321
128,3.9202701096,0.9040321618,6.6447857092
129,3.9276942487,1.2985569734,8.4241801928
130,3.9359559938,6.3459228579,7.4755680416
131,3.9517070128,8.3774817446,6.0236878244
132,3.9517929401,3.1213998527,9.9467247212
133,3.9524411854,8.3451481370,6.6704597962
134,3.9757790539,2.1830768213,9.1455122706
135,3.9877854014,7.5479377628,9.5289000559
136,3.9977235701,6.1138196893,3.6749159540
137,4.0110741689,4.4661528440,4.3258665150
138,4.0866830073,6.3695840088,0.7749526163
139,4.0968506061,8.1718550296,6.3499665570
140,4.1359274100,6.6897872504,9.9584054554
141,4.1471163895,3.5008649177,6.1233478180
142,4.1598315254,5.4765479384,9.2621561042
143,4.1615138779,6.1016160527,4.1005738970
144,4.1675081069,0.8743151814,8.9405924843
145,4.2338612200,3.9291103942,0.9620842287
146,4.2553994782,7.5484382449,2.7018333545
147,4.2562713924,8.2807272657,3.7761499412
148,4.2963889749,6.1138998101,9.3831737472
149,4.3083008732,9.8417727681,8.9119545912
150,4.3394177100,3.4880397844,8.9010304501
151,4.3482040504,9.0468232004,9.2518513878
152,4.3500508584,7.3195113484,9.2435674780
153,4.3662969661,0.2225596723,5.2599055809
154,4.3674408306,6.1229037030,0.9653231947
155,4.3680665448,6.5803717798,8.0417860665
156,4.3782133784,8.4564156229,8.3144258965
157,4.3872486237,6.0129135900,4.8891827317
158,4.3936545324,3.9715237192,8.6503705939
159,4.4125675554,8.9631546222,8.6538692614
160,4.4127734801,3.7917863839,3.3535297744
161,4.4131822353,7.6487758689,3.2966207845
162,4.4936474781,8.4472777691,2.7936304015
163,4.5042894880,7.4521886594,7.3078123387
164,4.5538276833,5.4119807580,8.2211289086
165,4.5812947790,0.0523372606,6.6663841376
166,4.6060684346,7.5566941611,5.1802728681
167,4.6627072955,2.9732822019,0.8658287116
168,4.6687927728,5.0571992891,2.3228121140
169,4.6939319194,1.1102848463,0.7738003399
170,4.7070349224,8.6621466330,1.1083769166
171,4.7129672966,1.0243792959,3.9637290925
172,4.7300900737,5.7989133258,3.6883819956
173,4.7303711180,1.7111374123,6.3225703776
174,4.7573585210,4.7938690026,1.9536675053
175,4.7755745709,3.5263842834,8.5721903773
176,4.7853197329,0.1076898267,7.9681210257
177,4.8535924613,1.3758266844,6.7225143713
178,4.8649152518,8.5185531433,4.9876134483
179,4.8813140619,2.7846274046,9.9998310294
180,4.9062702687,3.3786021688,5.5610534082
181,4.9205003921,2.6556493670,7.8337699958
182,4.9427523326,2.8661165498,6.8831868099
183,4.9629541166,3.4480118477,0.5823021933
184,4.9823267082,9.7429240910,8.4205205225
185,4.9844570000,5.7246063603,5.7499012392
186,4.9859069652,6.6829863301,6.6546180016
187,4.9950922998,3.1744953868,5.2110926291
188,4.9958250666,7.7218395190,7.2426484301
189,5.0095368096,5.0460657312,1.0791619319
190,5.0186307279,7.9152029791,1.5066701308
191,5.0252450790,2.8221671170,2.1147000566
192,5.0332458501,8.7943571437,1.6878578446
193,5.0671528248,8.3853840395,3.6166217768
194,5.0696440270,0.6081921949,2.6687492967
195,5.0847583143,7.1203898725,5.3951458324
196,5.1007126917,4.0758502666,8.0674032898
197,5.1237972012,4.8301634979,3.8635677457
198,5.1460429456,8.4724338456,1.1886740083
199,5.1616613788,2.2224916860,9.0641594200
200,5.1823736903,4.7017835379,6.5122350385
201,5.2227471492,1.3259250783,9.6366880633
202,5.2319742420,0.4998733392,1.9354848873
203,5.2330725759,5.0971255002,9.3215713549
204,5.2514391020,4.2234099951,7.8988317003
205,5.2630307722,8.7543494663,8.9236063441
206,5.2776677627,0.1591830533,3.5365738380
207,5.2909601131,9.7816975903,9.6784520996
208,5.3015468184,8.7506878308,6.7992562834
209,5.3034914717,4.7124955612,2.7407034035
210,5.3241105634,8.0208439470,1.2471499207
211,5.3367113711,2.2217162218,5.9654720416
212,5.3526795989,8.2923551360,5.8165321610
213,5.3627843587,5.5659011609,3.2886554871
214,5.3641961401,4.0981604154,3.9690334260
215,5.3701700943,3.1109912179,3.4779814212
216,5.4315322740,2.3196879396,5.2752778725
217,5.4333761707,2.2285256120,7.8219164983
218,5.4596190389,2.9119270701,5.1280272572
219,5.4693551825,1.6168001658,4.9603933927
220,5.5015450556,2.3293365516,6.3436288468
221,5.5444788255,3.5762212374,2.2061078872
222,5.5461562308,8.0627277981,1.8338547002
223,5.5551034072,8.0013565877,6.4399489665
224,5.5723351756,4.5648806444,4.4490426614
225,5.5756922591,1.8866180465,3.4985765574
226,5.5879708417,5.4620673164,5.1041128069
227,5.6176567927,2.7002716814,6.8058810682
228,5.6189558350,9.0070401546,4.9860649570
229,5.6338454735,3.6570199238,7.7389534182
230,5.6458004336,1.1342529231,0.5763426195
231,5.6476913178,7.0711117111,0.4339858531
232,5.6595070382,9.3796813936,9.4123954230
233,5.6665962562,7.5003595608,4.3504722798
234,5.6699228145,7.4907730673,0.4478123344
235,5.6785820356,7.5567761632,9.4167906447
236,5.6867945506,8.1503287134,2.3299316012
237,5.6949648713,1.4281239936,7.3611984282
238,5.7107858778,5.4619804840,8.8840875034
239,5.7478750073,4.9974184921,5.3987942624
240,5.7765840442,8.1293747633,8.6584041030
241,5.7994710603,9.4891469912,7.4145729961
242,5.8148629627,9.1321260216,7.0078818504
243,5.8180098525,0.4332272188,8.0777568494
244,5.8201697309,1.6193783174,6.1942102378
245,5.8212274878,1.4181303132,1.2380392705
246,5.8277257473,4.2657514976,1.1984394954
247,5.8316755011,2.4660786531,2.6945212743
248,5.8336011826,0.8504822802,7.5235223918
249,5.8403276600,3.5744064967,1.7883030449
250,5.8642556071,7.4503631313,3.5755282830
251,5.8703977069,8.0483779887,4.0358068969
252,5.8861804451,1.1525964164,9.6300750159
253,5.9132057767,5.8077438777,2.3226500003
254,5.9311787797,8.7808057166,2.5579371604
255,5.9369758036,9.6013069747,2.4540963449
256,5.9408758753,9.5674518191,0.7388430825
257,5.9480807764,7.8903678612,7.2024811617
258,5.9746536032,0.7405679461,8.4012943790
259,6.0020248956,1.9001904878,4.8670949406
260,6.0163176129,3.7417458893,2.7548252049
261,6.0237130467,0.0147546288,1.8849668012
262,6.0329022897,5.5736499304,5.1928284140
263,6.0440830269,8.0582685052,8.9310251832
264,6.0547516415,6.7006326857,3.8288103918
265,6.0687436569,1.3402261591,9.3526614777
266,6.0834338031,6.6005659572,2.3850525142
267,6.1091235624,1.9880811613,0.6187646132
268,6.1378139332,1.8973627219,1.1148487330
269,6.1397347105,8.1074628241,8.1935082051
270,6.1413983752,3.0318690826,8.2522141744
271,6.1426836176,0.7756587725,1.9599012197
272,6.1647635466,3.3014281187,4.4482865665
273,6.1793483845,3.8571273203,7.5149114207
274,6.1833290431,8.9672473260,2.3566639806
275,6.1974159817,9.4984295808,6.2654564533
276,6.2043596529,9.0927883406,8.8222381477
277,6.2303898607,8.8185682983,5.9442569428
278,6.2557956646,4.2658528309,6.0441265376
279,6.2640924784,5.9538114806,7.9936298017
280,6.2668707644,3.4836552532,2.6034931147
281,6.3194046069,6.8070188756,6.3013480142
282,6.3281659671,8.5168719774,4.9193521906
283,6.3347700859,9.6984741730,9.0472656351
284,6.3354720706,7.9421357916,0.7251640091
285,6.3698423698,5.5249109494,0.9040646219
286,6.3848322571,4.4399892644,0.7305596999
287,6.3926477641,9.7738489341,5.4674800326
288,6.3972538509,3.8584532417,3.4555115240
289,6.3979038534,8.7588082584,0.2710578904
290,6.4282598645,0.1615509066,6.1765511826
291,6.4387529761,2.2357762729,5.3150821751
292,6.4706357452,9.0767295505,3.3782872600
293,6.4747064684,1.9552943140,9.9144770575
294,6.4940786576,2.2750662674,8.0586903713
295,6.5145360262,2.4307904664,2.9499713169
296,6.5155260454,0.3262999540,7.5991854430
297,6.5233367051,5.7877526837,0.2312608665
298,6.5252121148,9.0363514040,1.2419697288
299,6.5402686301,4.9928340196,3.4251919236
300,6.5419932193,5.9580116503,0.1265894502
301,6.5780326762,5.2504128274,5.8099041677
302,6.5819680083,6.4481199209,0.8579863023
303,6.5999776931,0.0581433600,1.5539850320
304,6.6202785847,4.4567450775,4.0698390096
305,6.6283964999,3.9279884031,2.9843655201
306,6.6336150082,5.3060731487,5.2651684703
307,6.6601707217,4.4719978509,3.9586847399
308,6.6603475343,6.8121428661,0.2002901514
309,6.6772306668,1.5780828905,7.1066681044
310,6.6799742236,0.5619956853,8.9105145684
311,6.6979016845,9.9665601194,3.9455923952
312,6.7447239853,4.8785290163,9.7266414544
313,6.7472283148,1.1652629939,1.0072559914
314,6.7591294608,4.1285934811,7.4898060144
315,6.7913199106,8.9204343361,7.5215944860
316,6.8238796904,6.8286453696,6.3887378829
317,6.8239738248,9.6959487971,4.4151758311
318,6.8462022883,1.8399976719,6.8724404657
319,6.8540916072,0.6026987121,5.0468441499
320,6.8642848939,9.8226497526,4.1414033979
321,6.8756887265,0.1084986775,5.9208537567
322,6.8779923064,4.9080217272,2.6362992758
323,6.9019692844,5.9633932249,5.9822121556
324,6.9020276694,2.2679811613,6.7985362922
325,6.9092527062,2.3046942609,9.3549381497
326,6.9346751582,5.1065637806,7.4091821927
327,6.9451153743,2.8642857156,4.6714730829
328,6.9505617247,8.9768503778,5.0029280844
329,6.9695211735,9.0091773481,1.6166115393
330,6.9785997477,2.6620540644,2.9738124322
331,6.9855694410,6.9026955058,7.1644856989
332,6.9869797668,6.7629823434,9.2778513725
333,6.9982830008,3.0389932653,7.1226569313
334,7.0136527338,5.7440852673,1.0040278863
335,7.0381927106,4.5449959784,7.8367743993
336,7.0470806396,8.6784522885,8.3323329094
337,7.0538425823,4.7624268060,1.4241222472
338,7.0635736176,9.2217695768,6.0742374720
339,7.0644281281,1.5516221264,6.3173187569
340,7.0759659903,9.8789535753,9.6281547203
341,7.0995799846,3.5170182078,1.0010555470
342,7.1447041445,0.7367238603,1.0686021529
343,7.1491897422,6.2861220515,7.6738640035
344,7.1503705970,3.2951925616,8.6951853662
345,7.1803249247,9.6344548002,8.2528470974
346,7.2054455307,6.6786925240,4.6993269438
347,7.2165168917,3.7341794991,2.9664863964
348,7.2183300766,9.8044943012,7.3136270299
349,7.2209576471,1.0775900983,3.1789919553
350,7.2248040491,6.2941747388,1.1470954207
351,7.2364929450,6.2916035874,3.7104053722
352,7.2445415232,4.6799393993,7.0474127254
353,7.3170667660,5.8882562461,5.5508561686
354,7.3522299574,1.6010713283,9.8275567084
355,7.3635601776,1.1335614052,0.5941685297
356,7.3680443487,0.7420275909,8.2949475256
357,7.3692727504,4.4421812825,0.7384121937
358,7.3764848983,2.4242620298,5.0769778309
359,7.3927388963,9.0583305466,3.6706046998
360,7.4297485097,7.9034943890,6.1474208168
361,7.4698135240,1.9286721531,5.2570698403
362,7.4942785824,2.3438112641,0.3485637156
363,7.5157999992,5.8008767041,5.9870616281
364,7.5189191994,0.0741757556,5.4874938903
365,7.5331285028,8.0322601787,6.3910642769
366,7.5333273701,9.7828263919,8.2503469463
367,7.5570032048,2.7816151290,3.0973697982
368,7.5804512791,6.1661507895,4.6247425115
369,7.5851000243,1.8377513901,5.9649063488
370,7.5992679035,6.6563361512,4.9636300129
371,7.6034352226,5.9832012758,8.4563855652
372,7.6040781004,9.0955804539,4.1300735186
373,7.6077170429,5.7204556860,4.8310736779
374,7.6282483444,5.0940206676,1.9816734561
375,7.6285031574,0.4271092124,5.8699145468
376,7.6552444942,9.0294220754,5.2207855738
377,7.6763946437,9.1231644026,8.2040387967
378,7.6805965284,6.6944742660,0.0110660845
379,7.6871344573,2.7407288057,9.1169275702
380,7.7027062863,4.0256705836,1.4127064838
381,7.7159712517,7.7159441172,5.0450523655
382,7.7223021571,6.1720347600,6.1710532297
383,7.7649127493,6.1676226255,3.1295992572
384,7.7692542653,6.4854056049,6.5827152599
385,7.7799036700,3.0678155305,6.3711140242
386,7.7802165560,5.6140669765,2.5314678252
387,7.7884488551,4.2598059057,5.5416068345
388,7.8078938887,8.5360528494,3.5802674022
389,7.8609115722,4.8748717545,9.3629177734
390,7.8661264596,0.3796735249,3.1186103235
391,7.8701531760,1.3892886494,9.0269919963
392,7.9110205068,6.3963232977,5.3047750658
393,7.9399809596,1.0713949430,8.8820163477
394,7.9402305342,4.0008735989,2.1407449300
395,7.9436550271,6.1779253296,1.2816717145
396,7.9436682749,3.1984853648,7.0309845338
397,7.9487432666,7.4825350409,8.7743984968
398,7.9574628116,4.1037101780,4.3155388004
399,8.0105385901,9.3649971297,6.7678666926
400,8.0146071205,7.9427251063,7.3716007375
401,8.0196785269,2.3909214013,3.1439857972
402,8.0869120744,5.3235544585,4.1884157667
403,8.0986207628,7.6186934915,8.0946458976
404,8.1222543846,3.8059801995,5.1125973302
405,8.1303336900,2.7028648287,2.3606341229
406,8.1389503529,9.5698292135,0.3865615076
407,8.1438583138,9.9422154321,1.8776681606
408,8.1458080323,4.5592124484,2.9799814772
409,8.1911851610,3.9018454519,3.6811429672
410,8.2058264171,1.3616760827,4.4922212766
411,8.2538773532,4.9260311894,0.6309719464
412,8.3066508210,4.1986432616,7.5092168777
413,8.3199762934,0.5038168091,4.1181132127
414,8.3313416783,6.8293606306,8.4388780884
415,8.3502235615,7.0916500178,7.6381696697
416,8.3771578692,1.4197116631,2.7860519988
417,8.4098880872,4.5831639043,5.0425078651
418,8.4175744996,8.0027881784,1.5243853281
419,8.4194477007,9.6784107384,6.2852796035
420,8.4883075677,3.1994932847,5.7546223753
421,8.5484159804,2.0377301762,3.4353391313
422,8.5562187458,6.2753457526,5.3916078050
423,8.5639370183,6.2940885338,1.3209652088
424,8.5842265886,9.6418141638,7.9860519133
425,8.6662311932,5.7072882659,0.7682149949
426,8.6676802337,1.9117457045,4.2544833909
427,8.7371391645,0.9726685341,1.9525428434
428,8.7620117956,9.1976725426,5.6023466027
429,8.7754218338,4.3128320048,1.6546688111
430,8.7909046916,4.1832704534,8.3801801548
431,8.7940835372,5.5613694467,9.6207193913
432,8.8005188541,4.1548056517,3.6804021533
433,8.8086268388,2.6100042187,1.8488544239
434,8.8118713348,5.2543934093,5.3588738667
435,8.8326578716,7.6391128080,9.1642268023
436,8.8491849645,8.7161941464,0.5798330374
437,8.8611708062,4.0710880357,0.8398516784
438,8.9187758717,2.5807704292,2.4778614261
439,8.9245858302,4.5888160991,7.4803365512
440,8.9273798222,5.8303098100,8.0191805929
441,8.9286653776,0.1461731526,5.7649654913
442,8.9530388894,3.9090246305,4.2855704728
443,8.9575455526,4.3664095277,9.7182853711
444,8.9817922669,4.8156483301,0.7998151831
445,8.9820345358,9.9660367077,4.5927442697
446,8.9888209661,9.6999729513,7.9655298890
447,8.9934836176,9.2468428840,8.8960361174
448,8.9984625983,6.5300414919,4.4956018307
449,9.0017903068,7.9798447965,6.8390240528
450,9.0018935909,3.9349939900,8.4497081629
451,9.0243826421,3.1158622343,7.9219526517
452,9.0300830106,3.9108368929,0.0014916551
453,9.0414477630,3.1854049658,2.3228103875
454,9.0467143144,8.8739229752,5.2430763131
455,9.0530575648,5.5343998709,7.1643042476
456,9.0617756740,1.8504615923,1.3828482598
457,9.0848607009,0.5257243269,0.7251761289
458,9.1070395361,5.1669949512,1.1286743871
459,9.1632936866,5.2478794135,0.4534914999
460,9.1895301777,4.8618157742,9.4199898605
461,9.2049069459,7.2669360051,9.9475529440
462,9.2206862964,7.6701865129,9.7583048760
463,9.2263748644,6.8104400335,0.8956985375
464,9.2266885097,9.4362585479,4.6294835752
465,9.2389056170,7.2764355581,1.9272058656
466,9.2563401438,7.5645285473,0.7517192277
467,9.3030375462,5.8617190966,6.1438146628
468,9.3059128406,4.3947122788,3.1595981043
469,9.3153340125,9.6891894967,5.7388747794
470,9.3197427552,1.4985150970,5.6493136730
471,9.3347075226,3.8854002968,3.9365058585
472,9.3984913789,8.9455107256,3.6470919194
473,9.4317425130,2.3116690890,2.3836420399
474,9.4509153901,3.8501520442,7.5537288258
475,9.4988786225,0.3027991894,3.7245290684
476,9.5072703053,2.1180316098,2.3679265250
477,9.5093078953,9.7985059138,6.1751375042
478,9.5270785154,2.6662491961,9.8428983943
479,9.5485536449,0.1185366637,5.2640810232
480,9.5678237181,0.9282140397,9.0155847484
481,9.6010777915,2.3394807153,8.4808185198
482,9.6041732774,4.2466432403,5.5177355022
483,9.6119391670,2.3467709611,2.0176852796
484,9.6199091374,3.4927413777,9.4256449110
485,9.6289844020,7.4656560866,7.2262974302
486,9.6328255984,3.1572180106,0.2700411506
487,9.6644106617,3.2493760472,8.1631864002
488,9.6758036517,6.4502667407,8.3552790044
489,9.6816320160,9.6942626327,7.1185993608
490,9.6841052032,2.5424603854,9.7454890696
491,9.7372636685,9.0888965498,9.3208857548
492,9.7479776766,2.2087841388,6.5804363765
493,9.7743635951,2.4173610553,6.4707726016
494,9.8240865898,4.4281565992,2.5105748372
495,9.8401072681,4.1383556453,2.1461079452
496,9.8611060203,8.3114777799,4.5207079264
497,9.8623100290,1.0731371155,5.2114999083
498,9.8680900184,9.1182267618,3.2496348131
499,9.8890554971,3.1170015021,8.2716476421
500,9.8979580816,8.9773696537,6.3632046174
501,9.9058756366,0.7661676840,8.2958559296
502,10.0054451615,1.5690366638,6.4360871698
503,10.0061122678,3.3258633319,4.1247885048
504,10.0298159291,8.9953691987,1.1404632161
505,10.0684012936,0.3758440569,3.0901073123
506,10.0716515387,4.5916961474,7.0086082618
507,10.1085498720,2.0655843942,4.0260492592
508,10.1101981590,5.3147543477,7.2029756017
509,10.1314391581,2.5750867919,0.1989202769
510,10.1457502974,9.3834840882,1.1046891268
511,10.2250316387,3.8025846046,5.9246016493
512,10.2352993284,4.6662145600,7.7704278995
513,10.2590668581,1.8935631005,7.7027892711
514,10.2724622675,0.3607162396,7.2794425657
515,10.2759723474,4.5295518630,7.9092692026
516,10.2822662654,1.1109284556,0.0339286841
517,10.3284831114,5.6478320397,3.0938156128
518,10.3817766985,6.2168541136,8.9650716897
519,10.3975271158,6.1439629134,9.5012705836
520,10.4131492102,4.4598367039,8.5828403105
521,10.4569072051,6.1975713601,8.6891033470
522,10.5007447340,2.6348444616,9.9146319914
523,10.5100853756,0.5484895839,3.2729500397
524,10.5127594094,3.2326233265,8.5162808773
525,10.5210339125,9.9276983820,6.0174094790
526,10.5538327220,0.5809029013,3.9530354583
527,10.5689124412,1.9280503945,0.0681202534
528,10.6488608300,0.1536109642,9.4910870018
529,10.6599197568,1.0599827240,2.6170770335
530,10.6599772899,3.8587108698,5.7054563754
531,10.7638625844,1.7881743742,9.9144373406
532,10.8249633035,2.0506822791,5.7311559186
533,10.8897691798,2.4855536825,4.8864862444
534,10.9629169958,9.5157888617,2.6641124272
535,10.9950181150,0.9789605083,9.1930726190
536,11.0124737368,6.0552000873,3.8167944262
537,11.0461998670,6.0926036214,8.4047608402
538,11.0483138334,5.0694975141,5.9103841602
539,11.0550210066,4.6522536478,9.9022896102
540,11.0605920968,0.7172418677,8.2591652691
541,11.0629143983,4.2764843537,0.0994168968
542,11.0683410948,7.3420924414,0.4076154333
543,11.1033414864,7.1306354212,7.3940201450
544,11.1526212737,6.1470802973,6.4213640700
545,11.2055785046,2.0420421413,5.6614698618
546,11.2290184435,0.7756509962,5.3372527063
547,11.2546281216,2.2447785410,8.5340843598
548,11.2914747771,5.6559467253,9.4683278361
549,11.3338470505,2.9116802190,6.5407572478
550,11.3413310385,5.6705983430,6.7920280669
551,11.4215123108,6.0072799478,8.7313665429
552,11.4331128130,7.2875212270,4.7116788063
553,11.4449298879,4.7165288758,2.0021276333
554,11.4586922533,3.6913191661,6.1423991576
555,11.4598095319,6.4856247158,9.5027987947
556,11.4781768304,6.8002569787,7.6175951722
557,11.5011515659,9.0589943218,9.4147911411
558,11.5360045434,4.5192260098,6.8034949687
559,11.5368347797,7.5678497158,2.9635301684
560,11.5926274931,7.1524279475,7.8460004967
561,11.6014495450,3.2028907439,5.5831105114
562,11.6069959996,1.1847166383,4.3558713709
563,11.6240577593,4.2417446641,4.7085433959
564,11.6526526237,8.5420425378,8.1895472312
565,11.6961095241,4.7255613369,4.4715768543
566,11.7139888248,9.7278453276,3.1879512346
567,11.7271159997,5.2216287958,1.0894522955
568,11.7364231451,5.3440082242,5.0369468277
569,11.7605200400,6.9288268706,9.9196653091
570,11.7606615298,8.3686753103,9.3248674958
571,11.7809001953,8.9316271077,6.6595250020
572,11.7942956535,4.3644926971,8.3426432478
573,11.7963518840,2.5488223714,0.2553742470
574,11.8115294909,3.4693499152,8.4413142176
575,11.8263172994,9.5882247790,6.3134045728
576,11.8682871195,3.8422035858,4.7220634535
577,11.9163401968,9.3331530558,1.5033133323
578,11.9272775433,2.0516736302,0.5374785487
579,11.9540443503,3.6697858165,9.7448273112
580,11.9712991243,1.0606387647,5.0632822564
581,11.9778294399,7.6078774349,8.5460115515
582,11.9839677154,4.1946321590,5.4402620273
583,12.0012528744,0.2818634780,1.7237882489
584,12.0214885535,3.4666129504,4.1283490214
585,12.0218525409,1.7791005942,5.6335359311
586,12.0232179101,3.3528802850,9.1288736311
587,12.0280894040,9.6173302893,0.1135038935
588,12.0342114902,9.1234571894,5.2970299447
589,12.0345897561,8.3462812770,4.5709066883
590,12.0397596198,3.2429285873,1.3027802147
591,12.0560655944,3.7071917358,3.1542830625
592,12.0601580220,9.2692844872,7.7218870846
593,12.1325173534,9.1662449320,4.8596675945
594,12.1784940055,8.8865739603,2.5443701622
595,12.1964907191,1.4865906737,4.2774641278
596,12.2065622522,4.7900936757,7.3455605327
597,12.2392287868,0.9969833786,3.2189596379
598,12.2438862782,9.9236492613,3.3675899996
599,12.2533787516,8.1077296673,5.7108221910
600,12.2770210133,4.7254948545,5.0631915909
601,12.2907735058,3.0070075609,5.9903572099
602,12.3044309567,1.6351285313,5.2519285249
603,12.3291014246,6.9171921315,6.8932442306
604,12.3507962354,7.3703750175,3.2588997253
605,12.3535650386,9.6740728263,7.6747514189
606,12.3792597673,1.6877643769,9.6369797157
607,12.3816456690,2.7836203408,3.9180882712
608,12.4345173582,7.2927422709,2.4285189788
609,12.4409887092,9.1808631391,0.8457994935
610,12.4459570753,3.9345058964,1.8387031939
611,12.4923766070,8.5432144111,3.2421764606
612,12.5619916346,2.5396274778,6.4517503019
613,12.5756294854,0.9639761481,0.9623909382
614,12.5783726758,7.0943281029,0.3129212093
615,12.6132981191,7.2322096523,9.0991669226
616,12.6308632585,1.9648407487,5.7652606692
617,12.6490176533,8.6669497879,5.0999193150
618,12.6758737907,9.0529930365,2.0278249431
619,12.6928946527,4.6022740965,3.4570189065
620,12.6932521924,4.9698282822,9.2777332655
621,12.7082273826,3.6846904425,9.5624967928
622,12.7215048863,7.2775650006,5.4823841277
623,12.7282354966,7.2428225667,4.1126528581
624,12.7501520955,0.4393203003,3.7135146815
625,12.7555427826,8.3616842261,0.6279086035
626,12.7588592763,0.0436255125,8.4573413808
627,12.8211446851,6.8524852608,2.8323516072
628,12.8348008102,6.3833211400,6.5549177553
629,12.8562754088,5.0672263771,5.0864185537
630,12.8586302942,5.3370438068,0.1492141720
631,12.8612747905,8.0805747484,2.9451577546
632,12.8637123235,2.7881607406,9.5875168679
633,12.8831644614,9.6463512494,9.2730933738
634,12.8951186347,8.0320116769,3.3997680391
635,12.8994775527,9.6966463089,7.4391235664
636,12.9087147961,3.6613566003,2.5110195892
637,12.9384694909,8.1654515494,6.7059758657
638,12.9404791998,6.7095979013,1.0244237050
639,12.9482076637,5.3068044259,2.7427921498
640,12.9615581668,8.4642735444,8.2729887044
641,12.9617122640,2.9856310331,1.7115303438
642,12.9985023945,4.6707689373,1.7943168511
643,13.0605583930,4.2910786660,1.4779564642
644,13.0615523137,2.1278575922,7.0753372144
645,13.0754260739,9.4312296755,5.2206999452
646,13.0823767002,9.2580301944,4.1686611782
647,13.0898442618,0.9629103216,5.2446279744
648,13.0932282893,3.3788927393,5.5152275237
649,13.0976605218,6.3502120329,7.1530519825
650,13.1235457846,2.4581095857,2.7529329385
651,13.1415703362,4.7954100328,5.2019133440
652,13.1700916842,0.4109353856,9.3574192593
653,13.1959612684,3.5796099778,4.8042855557
654,13.1966859802,3.3874057888,9.9487333991
655,13.2081196469,8.4936773655,4.4938876063
656,13.2189847521,4.3437346917,4.2303414249
657,13.2243428710,7.5964316303,5.6838970108
658,13.2259287190,0.5458188430,7.4178399365
659,13.2381175204,4.8013032871,5.9324097996
660,13.2664944477,8.8059070480,1.3776117529
661,13.2729384666,7.5126571983,2.6041766021
662,13.2774509337,3.4334951127,7.5256460702
663,13.2951530356,3.6584257335,4.1435326693
664,13.2986761981,8.4130537144,6.1367184005
665,13.3149227205,7.4450412781,6.6492325160
666,13.3324798356,1.7766826779,1.3503312171
667,13.3391443112,8.3344352979,2.2264286902
668,13.3435541609,9.6186209964,4.4189930693
669,13.3741946663,8.8495121011,5.4191359183
670,13.3839081949,5.1127402862,9.8724950124
671,13.3975484725,2.3083001665,0.3787800675
672,13.4199902720,8.8024240298,6.6611881106
673,13.4251382179,6.6492257938,8.6555292643
674,13.4272009930,4.4266040947,9.7672328318
675,13.4295375532,6.9020451086,8.3525624447
676,13.4437560615,6.4572122915,5.3998192052
677,13.4444027285,0.2021232936,8.7266828515
678,13.4504370595,2.1785794584,8.1203461474
679,13.4542531898,5.5243547248,0.4750372154
680,13.4765132919,7.7324436330,9.8164855690
681,13.4820445400,4.5038183694,5.6837403195
682,13.4887818393,1.8085365445,6.0889645298
683,13.5059868928,8.1731811828,6.4373908547
684,13.5385503252,6.8105192060,9.4140220117
685,13.6153947572,7.1487624407,9.0952244566
686,13.6318062960,0.8614924420,4.6547561601
687,13.6464625724,9.2149083363,6.4084069232
688,13.6496378646,9.1336266748,3.5155405203
689,13.7125037008,7.4367245027,2.5093166261
690,13.7324099628,8.3758285685,0.0926298421
691,13.7683875066,6.0202543478,2.7806898340
692,13.7898326026,7.4357905367,5.0138780447
693,13.7906780834,6.1489720698,7.3974590153
694,13.7908613127,0.8539499662,3.6955900525
695,13.8282645993,2.0656597527,9.5836555089
696,13.8393955605,5.8112416922,0.6130550770
697,13.8449028198,3.2778036169,3.4877972527
698,13.8542525914,5.2197940857,9.4362748364
699,13.8653348324,9.3725079649,9.7689073723
700,13.8832283887,5.3171967500,2.1274189270
701,13.8854846473,1.2636150130,9.3089957569
702,13.9043930544,9.6309342927,0.9659815084
703,13.9054519837,8.5189522618,4.3235405097
704,13.9412422898,9.6009702695,8.7615340179
705,13.9673557692,9.4360653640,8.8896714378
706,13.9688048556,9.5805918856,8.7876513058
707,13.9891418143,0.5684542698,7.3322584339
708,13.9911348507,3.7546884548,1.7274822862
709,14.0028097773,0.5968247748,5.4357094826
710,14.0091868456,5.6463590168,0.6302407746
711,14.0333835668,3.2306988943,6.5576295284
712,14.0339319589,7.6058273476,1.4836175071
713,14.0550123816,7.0689104502,0.0029618805
714,14.0555244616,7.1953723470,6.1047147931
715,14.0706390244,2.3704030024,4.3042439680
716,14.0752588754,4.5347439635,5.6273497247
717,14.1211811925,0.4649526749,7.0698097653
718,14.1377160135,4.0862334155,6.9871763928
719,14.1540782216,9.0197102595,2.7968853135
720,14.1703499965,7.5913702358,8.5239442475
721,14.1910185295,8.3819362765,2.0248682470
722,14.1915228420,4.8689961749,6.2636861726
723,14.1927040832,6.9608000420,5.6942996414
724,14.2122981127,6.1944458796,6.2084027812
725,14.2429259152,9.5697421429,4.9358076592
726,14.2489390114,2.3715688955,1.7668934745
727,14.3061833024,8.6803745284,5.0497042941
728,14.3416524313,4.5920938340,7.2881370645
729,14.3437845070,7.8642601513,8.3704684992
730,14.3451299303,3.7375707253,3.2273386443
731,14.3601814421,6.5632843650,4.7605107768
732,14.3613522971,8.2568762543,1.2246079431
733,14.3654846695,8.5063768617,9.9637558862
734,14.3733668422,0.0945474173,9.7736614414
735,14.3773011711,9.4322648143,7.3282624335
736,14.4074514777,9.0641854382,4.4727558693
737,14.4150003941,8.4072942836,1.7714922179
738,14.4441649362,9.1797969929,6.1494187001
739,14.4547443144,6.7641069752,6.5633078484
740,14.4587135640,6.4273043256,3.7957603504
741,14.4849473615,1.8367303787,2.5802758752
742,14.4857623590,6.2169762717,2.8937153899
743,14.4931592384,6.5137151762,0.6534721454
744,14.5107070202,4.6928918258,7.1609536466
745,14.5360726550,8.5674671783,0.6156434991
746,14.5414899384,6.2864727717,4.1171035813
747,14.5421728422,9.5987046136,3.7703529862
748,14.5425469749,6.6291647232,4.1585811760
749,14.5628505132,9.7570366343,0.4530428602
750,14.5676425858,8.3507074000,8.1660667823
751,14.5736310134,6.2289896336,1.1662746078
752,14.6013193798,3.4672853959,6.6465053271
753,14.6059953188,2.6359443427,8.0206582398
754,14.6435668436,5.3706045948,7.6100116307
755,14.6530192236,1.5546254069,7.9190305511
756,14.6634335744,7.5879273344,5.0382586756
757,14.6771839886,6.2284357617,2.7119126608
758,14.6843529482,4.9738991655,5.7349059017
759,14.6921669228,2.1812166908,4.6515559595
760,14.6994934130,9.9552861948,4.2055509580
761,14.7248436734,3.1090160642,8.2739201481
762,14.7360777685,7.1633689876,2.2239624920
763,14.7448853341,6.1046419199,4.6399482116
764,14.7696759486,4.3888454818,8.5890878311
765,14.8211048403,2.4129339039,9.7298364431
766,14.8496597907,2.5707119242,7.5516400777
767,14.8851720283,2.5299514292,4.3039006154
768,14.8883527656,2.5533911243,0.3049105631
769,14.9084658664,1.0001898010,7.2901620980
770,14.9157650945,3.6451835102,9.6417181489
771,14.9389079464,4.1623833530,5.8584513535
772,14.9426633313,5.2178327434,9.2034945407
773,14.9622612841,4.4079896706,4.9318320886
774,15.0087713222,2.1951872990,0.3841630332
775,15.0285180627,9.5335494572,7.7114789855
776,15.0340264312,9.9992794510,1.7527144788
777,15.0595769088,5.8877030210,0.9225723642
778,15.0625161090,5.2030926313,1.1739809635
779,15.0805943773,7.5438910261,7.4774366578
780,15.0875181740,0.2050744722,8.9368335050
781,15.1233378537,4.9718868870,4.7559773850
782,15.1237128126,1.3021859378,3.5693961075
783,15.1300782560,8.3080317629,9.1670467578
784,15.1478427474,2.5907747849,7.0886690559
785,15.1546768300,0.9124939307,5.8116872417
786,15.1628634952,3.3206290847,5.1580865612
787,15.1842938236,9.1372438613,0.5813607222
788,15.1906252423,6.9397095950,4.4904160513
789,15.2034704452,3.6541834776,2.0863092479
790,15.2455266926,3.8213765022,5.8454958792
791,15.2576423013,7.5566738761,9.4463266144
792,15.2613702758,4.3643037008,8.4425200558
793,15.2631382027,5.0709753522,1.9235257147
794,15.2749638665,0.8867933768,1.8651122138
795,15.2828276034,2.8406973045,0.1102302066
796,15.2982260029,4.0019712819,4.8164778542
797,15.3199992954,2.3064701893,2.9596479696
798,15.3261947644,7.4353595871,0.2786478150
799,15.3290150961,1.2905435139,2.8270907989
800,15.3777381178,2.6606379884,4.8711417455
801,15.3850925115,0.9128547289,0.4024818308
802,15.4127674420,2.5193999596,1.7883969165
803,15.4145179766,1.4056962239,1.1305104498
804,15.4457121842,1.0151186170,0.5314466857
805,15.4620865850,5.2498303717,9.2379476037
806,15.4776133667,4.7034083804,3.5213111079
807,15.4928228349,5.6020941741,4.8006845484
808,15.5373486386,4.8226980985,5.3009577773
809,15.5459596003,5.3323459856,5.9492355533
810,15.5549645865,3.7440122900,0.4003357601
811,15.5665430568,8.9643087677,4.7783107382
812,15.5698175838,7.3574413700,9.4234529884
813,15.5703436018,1.9415201509,0.9183770033
814,15.5723164784,1.4862149710,4.9150031504
815,15.6381096768,6.0814165649,1.0474908882
816,15.6496308338,6.4269170328,5.2608593998
817,15.6541178268,7.7036392213,8.8815451828
818,15.6605753239,9.6873340492,4.4777542696
819,15.6691823254,2.5713525148,2.4618972121
820,15.6926500057,8.0797536386,2.9659563526
821,15.6951050914,3.8375548564,7.3009671679
822,15.6973376683,8.2932091047,2.5336051525
823,15.7080090172,6.1886763057,8.5071146800
824,15.7127369408,3.0873214874,1.3913863687
825,15.7163713611,3.6529210663,9.3351465013
826,15.7191838800,1.5645429543,2.6035727469
827,15.7279109220,6.6511065386,6.7012693236
828,15.7370823770,7.2957820722,5.6570097055
829,15.7424171294,6.1752306505,2.5303298822
830,15.7490477787,4.9088211985,2.8471508653
831,15.7684139519,4.5399003537,7.1026060876
832,15.7851376004,0.7697222340,3.8681808748
833,15.8085043833,8.5614601076,5.6444936316
834,15.8228475676,7.9483607508,0.2832148434
835,15.8375672578,1.9931981712,4.1604560667
836,15.8560711340,7.4597477589,5.7105693677
837,15.8600134744,0.7732456337,6.4821959224
838,15.8758626455,9.0375487297,4.6772420154
839,15.8881790178,5.0219438170,0.1369635542
840,15.9054838440,8.5490224912,0.3533573918
841,15.9221236691,2.6069620312,2.3482716874
842,15.9312626545,5.8946784440,5.0690806966
843,15.9540788015,7.9143205911,7.2641896511
844,15.9582128836,9.4284551778,8.2255252690
845,15.9594910052,0.6542680486,3.2831726126
846,16.0003736099,0.5661883645,7.8483131939
847,16.0097824680,7.5147983970,3.2816736770
848,16.0104268754,9.1622686904,5.0910435063
849,16.0313948075,7.6852979835,4.2677067462
850,16.0447085529,7.9094125857,3.7149973942
851,16.0948560537,9.2032235275,4.2681191456
852,16.1009905112,6.8213115168,6.0846796595
853,16.1402168567,9.5589406883,2.0123658551
854,16.1531104273,6.6427993109,3.3001269730
855,16.1642738461,3.6313604573,3.0737157134
856,16.1652178096,7.1493387968,7.3298686214
857,16.1664848183,7.2451466867,0.6396271556
858,16.1819907192,8.8106565988,1.4173677158
859,16.2505678072,8.5673419004,3.8788436077
860,16.2759835597,3.5439780850,4.5767420208
861,16.2949356536,6.3554844711,8.8316377893
862,16.2997725560,1.5962248175,1.4098484184
863,16.3006621600,9.4425586303,6.6199923662
864,16.3046288545,7.8912854494,7.4588390807
865,16.3138674035,7.0352098998,9.2415067442
866,16.3142844485,1.0207995321,4.9750845103
867,16.3179255793,3.6412680165,8.8298811124
868,16.3240443090,1.6551476660,3.5328445637
869,16.3970936185,1.7793347130,6.2766218664
870,16.3981242116,5.6813259235,1.2112836592
871,16.4026678398,6.5128072202,1.5680727457
872,16.4111166806,5.8856594041,8.1521424053
873,16.4263652957,4.7499764604,4.3938353544
874,16.4455367670,2.7769886721,0.7169837336
875,16.4495006309,5.2257237314,0.8943547825
876,16.4577356386,6.6312271582,5.6423323863
877,16.4617973432,9.2278241852,3.6640282455
878,16.4682991216,6.4945436512,4.6575645611
879,16.4828533010,0.7835207481,8.0463046757
880,16.4927695366,2.4107797960,4.2833657483
881,16.5364249743,1.3674040885,2.6354252086
882,16.5434175447,5.0354566566,9.8065931482
883,16.5609392171,3.1283959840,3.2030547050
884,16.6225418950,7.1039103050,6.3439810984
885,16.6304782432,5.7165060825,9.8707798176
886,16.6395321199,1.7686735053,1.5672388593
887,16.6697893993,6.5315000154,4.5653258740
888,16.6719647315,4.9139471562,3.0054227793
889,16.7432489300,9.7623233168,1.4695773686
890,16.7643272512,7.3436110488,8.9163856275
891,16.8264846595,1.9375353053,1.6791277678
892,16.8512320615,9.1997069430,7.3368959326
893,16.8562145385,3.6596070285,1.4043553496
894,16.8562649830,8.2039610871,2.6156651605
895,16.9028035895,0.4695196479,4.3223320837
896,16.9268987434,2.6979336708,4.9770205131
897,16.9600036898,7.8202851404,2.0539989817
898,16.9623894025,6.6463564305,1.4835631413
899,16.9707569365,0.4777672486,1.0581126685
900,16.9835759396,3.2689579180,2.8765963517
901,17.0065299979,2.2796230355,3.8835959900
902,17.0135366395,1.8445785503,6.7186276937
903,17.0137091945,5.6792713537,0.7348778971
904,17.0163956778,5.8519673189,8.0310031809
905,17.0283951457,3.5736440728,9.6282666452
906,17.0383330237,0.2250152444,7.4815857660
907,17.0414938886,7.3124765810,4.8455148274
908,17.0473415834,8.8655611548,4.2361602878
909,17.0497183615,8.6638693775,7.9762805270
910,17.1074107485,2.1801311851,7.6839510312
911,17.1439869497,4.9105731305,0.2131869284
912,17.1547465360,0.0794833201,2.0975284828
913,17.1697872496,6.0607174381,5.1245908919
914,17.1883450565,4.3721718293,2.9903633067
915,17.2037208215,4.1497016255,8.7496330204
916,17.2184181751,8.8217602412,9.5118399925
917,17.2268308740,6.3597753908,2.9512235974
918,17.2422781351,3.6309610085,6.3214621268
919,17.2489046825,9.1947494908,1.9570668185
920,17.2572834449,6.2285687249,0.6080951376
921,17.2737250043,1.0668232596,9.2868240196
922,17.2844513646,2.3329267750,5.5919373299
923,17.3004276564,1.1195074380,2.5650778984
924,17.3073981301,9.2245593189,6.5396865983
925,17.3136202803,3.9213530091,3.8371578673
926,17.3248804576,1.7310152423,0.5838713260
927,17.3490121359,4.8359815012,1.6252562256
928,17.3786303675,9.2199558362,4.8738404377
929,17.4255036536,9.8074852638,9.1468327102
930,17.4320738745,0.1447213112,2.4760977027
931,17.4372737260,0.7568779849,0.4981143080
932,17.4814196059,2.6609071445,7.3525801681
933,17.4921398714,6.6519357412,8.0338445708
934,17.5039087655,5.9188043556,0.2312839033
935,17.5237972922,5.4968902518,2.9328037145
936,17.5403594127,6.6996072738,8.6701980464
937,17.5559014367,2.2771384965,2.9106814035
938,17.6137191861,2.3816380099,8.9932166147
939,17.6250241111,3.1816723176,4.6172180498
940,17.6415628748,8.8106279181,1.8704059817
941,17.6442887361,0.0344041494,7.2763618384
942,17.6451052595,8.2514340006,1.5932616563
943,17.6829665555,6.0966259023,5.6948202387
944,17.7044809579,6.4684597726,7.1042528582
945,17.7290694026,3.4195681217,5.6121804150
946,17.7528783565,1.6302618737,3.6089572384
947,17.7647617230,0.5780953936,7.2535063451
948,17.8257078083,2.4792568083,4.3833203866
949,17.8291109107,0.7104856285,4.6626282541
950,17.8359465266,6.7906077590,0.9165641231
951,17.8413795950,6.1664067323,4.0099071668
952,17.8457220343,0.5821314243,7.0652456967
953,17.8493860177,2.9855198774,9.6253756613
954,17.8532110231,7.8981677994,2.1656772542
955,17.8850085893,3.3352767034,2.8195334021
956,17.8921703096,2.1819770044,7.9808004264
957,17.8945448081,1.6417852261,8.1291542793
958,17.9305431798,4.7960669748,5.3119598182
959,17.9368191848,7.9108677836,5.2422258974
960,17.9539424524,2.5969011686,6.5579663279
961,17.9795791022,8.6153982772,8.0480965727
962,17.9851650009,3.0135595385,9.0289771253
963,17.9863530470,5.5651469596,5.9649349645
964,18.0074685483,1.3487096824,6.9520554082
965,18.0089077710,6.1278451099,8.7991596733
966,18.0095204169,7.4887019885,8.6997997869
967,18.0386770028,6.3968931400,8.5711357760
968,18.0478895794,2.8186816292,9.6756114140
969,18.0502324632,8.8975603056,1.1017802742
970,18.0543454965,4.4635906463,4.6468058078
971,18.0775354053,5.0341996944,7.9860292596
972,18.0847155396,8.9643627512,9.0384759502
973,18.0894407162,5.1539476748,4.1057593337
974,18.0977016641,0.7785305568,3.6564180827
975,18.1087898529,3.9222174513,2.2375104860
976,18.1157642232,5.1573059832,0.5332963331
977,18.1159138061,5.0123313218,1.8731651749
978,18.1219862943,9.6190778747,6.1754345538
979,18.1293401762,0.8923847979,9.5016922596
980,18.1380359282,4.3274173332,0.2130170971
981,18.1388085858,3.9165744474,6.2417363004
982,18.1871368998,5.2947858796,2.0439314237
983,18.1902466953,2.0502163468,9.6358841604
984,18.1955029253,1.1691041354,7.9748394777
985,18.2017183544,1.5537603597,8.7918842623
986,18.2347010313,2.6155586409,7.4105711154
987,18.2569776466,9.8778017715,2.2045562737
988,18.2922602069,8.3019920322,4.5484733935
989,18.2938304004,9.9173312472,3.4935369234
990,18.3090012395,2.5588174055,1.4011530969
991,18.3109915337,6.3542965136,3.3906598347
992,18.3462105859,2.5059942637,0.9154011403
993,18.3528119047,5.9954041413,2.2009603766
994,18.3853614103,8.3531194007,4.0392500937
995,18.3965106668,2.7863513545,8.4064351936
996,18.4068405333,5.1203044977,6.6363201444
997,18.4127132142,7.8890484342,6.3007577019
998,18.4591722621,4.6682553534,3.0711888307
999,18.4732043449,2.7461223284,2.1923630583
1000,18.4806564423,3.1421079881,0.0007597128
