analysis_death_index,raw_death_index,raw_death_time,time_since_burnin,x,y
1,501,49.5835001312,0.3788447981,7.6942939737,0.2753190666
2,502,49.6239601601,0.4193048270,7.5315580426,3.5799849034
3,503,49.6757197554,0.4710644223,7.6632240244,8.2419090499
4,504,50.1965141277,0.9918587946,8.3487817490,9.6385992173
5,505,50.4537940791,1.2491387460,8.7503815439,2.7600004099
6,506,50.4645398378,1.2598845047,3.4654431379,8.3123101952
7,507,50.5762456190,1.3715902858,6.5935283564,8.5304204542
8,508,50.6678426431,1.4631873100,1.5461425900,7.4128674939
9,509,50.7576753586,1.5530200255,6.1557150213,3.8358682655
10,510,50.9997409364,1.7950856033,8.2647233967,1.4281392497
11,511,51.1417426982,1.9370873651,2.4534544291,4.5211401034
12,512,51.1990182839,1.9943629508,9.3094726626,9.5127207300
13,513,51.2828825070,2.0782271739,4.3109049091,6.2235177345
14,514,51.4125343615,2.2078790284,5.9802028839,9.8837809398
15,515,51.4792866411,2.2746313080,3.4515934860,4.0931824649
16,516,51.4892925144,2.2846371813,3.5419024819,2.9159517797
17,517,51.4939022793,2.2892469462,1.4602545725,7.6505731781
18,518,51.6194840557,2.4148287226,8.2747878254,2.9237178216
19,519,51.7513601111,2.5467047780,7.8239219826,6.0948684686
20,520,51.7718747651,2.5672194320,7.2301702358,6.5097708835
21,521,51.7748071139,2.5701517808,9.8974473121,3.2319009455
22,522,51.9176018410,2.7129465079,7.6774450820,9.2678579957
23,523,52.0314731597,2.8268178266,8.5946381424,7.8830801075
24,524,52.2551889372,3.0505336041,9.2342446880,5.3379585633
25,525,52.3707892450,3.1661339119,3.3751503428,5.7748643148
26,526,52.6813854229,3.4767300898,5.3437085305,8.7724180743
27,527,52.6834002665,3.4787449333,1.6541591310,8.7723563205
28,528,52.7535231164,3.5488677833,3.6586941945,7.0392583608
29,529,52.8533330981,3.6486777649,8.4290404500,9.6350260303
30,530,52.8826226999,3.6779673668,9.1453552035,2.4714382685
31,531,52.8946666608,3.6900113277,9.8028744762,5.7602816538
32,532,52.9348754623,3.7302201292,0.7182295665,7.9546962089
33,533,52.9773303440,3.7726750109,4.5665287628,3.4451224417
34,534,53.0444060198,3.8397506866,4.3816757127,4.5953501277
35,535,53.0611111361,3.8564558030,2.5607800624,9.9835086079
36,536,53.0663582080,3.8617028748,3.2596868016,2.2273725769
37,537,53.1551609749,3.9505056418,2.2045144389,6.9125947419
38,538,53.2209112255,4.0162558924,4.4649486182,7.2189091879
39,539,53.4449535352,4.2402982021,1.0608317817,1.3430103078
40,540,53.4725551207,4.2678997875,2.4109344416,0.5460802582
41,541,53.4884900484,4.2838347153,4.4242789891,1.6567705284
42,542,53.5250746161,4.3204192830,1.0329300763,0.7652039772
43,543,53.5691587227,4.3645033896,5.5511983519,5.9558977967
44,544,53.6180361456,4.4133808125,1.3805283813,0.8696084679
45,545,53.6270685204,4.4224131873,7.9526005136,0.9800854056
46,546,53.6898799651,4.4852246319,3.5133239807,2.9577164134
47,547,53.7971980689,4.5925427357,3.9121097171,9.3201732541
48,548,53.8989837591,4.6943284260,6.8612108771,2.0616967912
49,549,53.9445409399,4.7398856067,8.6071315621,9.4359999279
50,550,53.9667739616,4.7621186285,6.2287915390,4.6104396861
51,551,54.2349129548,5.0302576217,9.6128767475,2.4296612309
52,552,54.2561607004,5.0515053673,8.5472260631,7.5804972983
53,553,54.4261833492,5.2215280160,3.4873353485,2.8938302483
54,554,54.4943910649,5.2897357318,7.9443457702,9.4893779249
55,555,54.5227077707,5.3180524376,4.5969194604,0.6559417364
56,556,54.5604315591,5.3557762260,8.6765322730,6.3870896029
57,557,54.5762523712,5.3715970381,6.4941084124,7.3760220407
58,558,54.8941183214,5.6894629883,3.6432476428,0.5883743260
59,559,54.9303949044,5.7257395712,3.7664871377,6.0243371117
60,560,54.9459850563,5.7413297232,9.2430764691,8.2253350406
61,561,55.0279977768,5.8233424437,4.7869115244,5.4652914363
62,562,55.0968335692,5.8921782361,4.3137474662,1.7881335391
63,563,55.1266438844,5.9219885513,7.1001409897,5.2958680227
64,564,55.2623348208,6.0576794877,9.9982953623,6.5725755353
65,565,55.2782600119,6.0736046787,8.0116124195,5.1069762816
66,566,55.4352231551,6.2305678220,7.1210308881,6.2329854751
67,567,55.5391341497,6.3344788166,1.1492247919,0.5073764220
68,568,55.7022659986,6.4976106654,0.0631313280,8.8593473178
69,569,55.7024389526,6.4977836195,3.5290213118,2.3095382472
70,570,55.8691997871,6.6645444540,7.7258449944,8.5136856367
71,571,56.0301625486,6.8255072155,3.9702802254,5.9297291102
72,572,56.1119943386,6.9073390055,4.4134622299,6.5433670608
73,573,56.1610627913,6.9564074582,6.9388925512,1.0279955826
74,574,56.1795007434,6.9748454102,4.7054688191,6.3514639987
75,575,56.2323364172,7.0276810840,2.8667962553,3.4025673621
76,576,56.3288791068,7.1242237737,3.9236538771,2.5212742721
77,577,56.3435377977,7.1388824646,6.0607593574,6.9186176317
78,578,56.3660951704,7.1614398373,4.1296969015,0.6312086055
79,579,56.3944242955,7.1897689624,3.9603675004,0.3277586932
80,580,56.6247859407,7.4201306076,8.1808711993,3.8879333925
81,581,56.9322811863,7.7276258532,5.7099469305,3.9722385668
82,582,56.9684276093,7.7637722761,1.9497883697,0.3868544987
83,583,57.0400305333,7.8353752001,6.4237877515,6.1659656624
84,584,57.0545659144,7.8499105813,4.2048565352,5.7353821905
85,585,57.0832676499,7.8786123168,9.3252640528,6.6567069195
86,586,57.1691394322,7.9644840991,5.1027946326,5.7208569290
87,587,57.1706514634,7.9659961303,4.8851835116,9.2365967082
88,588,57.1903124291,7.9856570960,0.9273708530,4.8709691113
89,589,57.1924594074,7.9878040743,3.1552093363,4.0201481789
90,590,57.2236744449,8.0190191118,7.4931254262,9.5917226700
91,591,57.3512009429,8.1465456098,6.0758101359,9.4414882519
92,592,57.4538687131,8.2492133799,4.2142444219,7.0881480001
93,593,57.4871691796,8.2825138465,5.4826786785,2.4408909014
94,594,57.5327194387,8.3280641056,1.6582643032,9.9726077302
95,595,57.5701638217,8.3655084886,0.4292080144,5.0161274086
96,596,57.6270388057,8.4223834726,0.0899032476,3.0321506133
97,597,57.6492859101,8.4446305770,5.7307751354,1.1317263945
98,598,57.7009181813,8.4962628482,8.7741316486,2.5494557556
99,599,57.7497079654,8.5450526323,5.5442674064,4.5181344307
100,600,57.7640067375,8.5593514043,8.6723057091,6.3837439677
101,601,58.0373446344,8.8326893013,1.7647792788,5.6338177274
102,602,58.0763915771,8.8717362439,3.0441370394,0.9189635217
103,603,58.0985461230,8.8938907899,7.3645866522,6.7453878803
104,604,58.1836267825,8.9789714494,9.7163115068,5.4869699727
105,605,58.2016100671,8.9969547340,6.1362005277,2.7787616210
106,606,58.3017172712,9.0970619381,2.7710289078,9.4771919414
107,607,58.3395214388,9.1348661057,9.8176621983,2.1263833101
108,608,58.3952550850,9.1905997519,9.3260960193,2.3334294786
109,609,58.4064560871,9.2018007540,4.6746337795,4.2916812469
110,610,58.4476339523,9.2429786192,9.7079127664,0.8460141303
111,611,58.4758017616,9.2711464285,5.0037290902,3.1623826858
112,612,58.4941932837,9.2895379505,9.6232241565,9.6593984028
113,613,58.5444288026,9.3397734695,7.0214487998,9.5335518556
114,614,58.6901318414,9.4854765083,9.2407662110,4.4378416906
115,615,58.9346371468,9.7299818136,5.4705616923,3.0667384874
116,616,58.9381583207,9.7335029876,2.2748580874,7.5349573526
117,617,59.0753472232,9.8706918901,9.0312847494,2.4557396731
118,618,59.0930308336,9.8883755004,7.1851780172,0.8355078754
119,619,59.1342013930,9.9295460599,0.9170420826,2.0527986893
120,620,59.1842887582,9.9796334251,6.7388295822,3.2908545854
121,621,59.2076821225,10.0030267894,5.9013625647,8.8980147177
122,622,59.5393921070,10.3347367739,4.3084192339,2.2169861321
123,623,59.7118175316,10.5071621985,1.2403943942,3.0100388745
124,624,59.8452062760,10.6405509429,6.5243926502,8.5516023780
125,625,59.8458929109,10.6412375777,6.6774708668,0.8625192010
126,626,59.9244153432,10.7197600101,4.1665994902,9.5410212087
127,627,59.9278752858,10.7232199527,6.5393939909,5.4364967806
128,628,59.9322477127,10.7275923796,2.8992317371,5.2612068362
129,629,59.9600081400,10.7553528069,4.8287536721,7.5102408046
130,630,60.0413092064,10.8366538733,3.6565685709,8.2789256770
131,631,60.2020328262,10.9973774931,8.4573041411,3.6860998765
132,632,60.2181676444,11.0135123113,3.1656165553,9.8670406492
133,633,60.2242380884,11.0195827553,1.0882231653,1.7521081366
134,634,60.3145504960,11.1098951629,9.7045276703,5.1563708083
135,635,60.3294555517,11.1248002186,8.4738518830,8.3229874490
136,636,60.4776468028,11.2729914697,8.7481798336,0.7901241010
137,637,60.5407134095,11.3360580764,2.5758559866,8.6645750970
138,638,60.6241265161,11.4194711830,7.7358723144,2.5902875789
139,639,60.7167169772,11.5120616441,8.8135720413,4.7608755778
140,640,60.7544116937,11.5497563606,6.2260684773,1.1442552406
141,641,61.2181177283,12.0134623952,8.2095288845,2.1314246333
142,642,61.3490327525,12.1443774193,9.1120753513,6.4711437901
143,643,61.4903304358,12.2856751027,7.9304871112,4.4080692360
144,644,61.5321909337,12.3275356006,5.9365862146,2.3476027255
145,645,61.7684134048,12.5637580717,2.0683470539,8.1590973740
146,646,61.7980775353,12.5934222021,6.6037086856,0.1110705619
147,647,61.9509977503,12.7463424172,7.0798390062,3.9418502708
148,648,62.0063787718,12.8017234387,1.1096271822,9.6861949256
149,649,62.2045680833,12.9999127502,5.5563801833,5.6642251002
150,650,62.2547176855,13.0500623524,1.5313421200,8.0162014535
151,651,62.3272395556,13.1225842225,3.4232966443,2.8107913810
152,652,62.4380070147,13.2333516816,9.3016264241,5.8657564534
153,653,62.4530802703,13.2484249372,6.9039060285,6.3113721625
154,654,62.5412644860,13.3366091529,2.9324485005,4.7813322894
155,655,62.5943909449,13.3897356117,9.8234151487,5.1261624454
156,656,62.6261772637,13.4215219306,8.7331483639,3.3196703540
157,657,62.6289038856,13.4242485525,9.0150584350,4.1163021357
158,658,62.7762605958,13.5716052627,8.0016879568,1.3556582913
159,659,62.8325437313,13.6278883982,8.4608887809,2.2971839554
160,660,62.9522115514,13.7475562182,3.1331829024,8.9955955881
161,661,63.0566821102,13.8520267771,5.1527442479,3.7306881021
162,662,63.1011086273,13.8964532942,9.5128778218,8.1848553222
163,663,63.1720663212,13.9674109881,7.6181415411,5.8349728645
164,664,63.1845660432,13.9799107100,7.4189799933,5.1418614584
165,665,63.3241523574,14.1194970242,6.3297233702,8.1858562184
166,666,63.3735709555,14.1689156224,1.9439455410,9.8110491411
167,667,63.3969806741,14.1923253410,3.0487884756,6.4332060023
168,668,63.4868621134,14.2822067803,2.3300079565,0.9088180158
169,669,63.4987106548,14.2940553217,3.4179437560,0.4000453153
170,670,63.6390930060,14.4344376729,5.2381566442,5.7757513130
171,671,63.7028373591,14.4981820260,9.4488074904,1.6788954669
172,672,63.8917372754,14.6870819423,0.4557410190,1.4961828611
173,673,63.9015079602,14.6968526271,6.5269428660,5.3232239313
174,674,64.1003164675,14.8956611344,3.8543383563,7.4712521359
175,675,64.1829925124,14.9783371792,3.2297845954,4.3257206773
176,676,64.2022568571,14.9976015240,9.5660881872,2.6017962739
177,677,64.6727870057,15.4681316726,3.7060523999,8.2820096728
178,678,65.4108892214,16.2062338883,9.6793561132,1.0481892151
179,679,65.4527306548,16.2480753217,3.3036431568,6.4065419330
180,680,65.4586252772,16.2539699441,4.0451951009,4.3369627801
181,681,65.8438507468,16.6391954137,3.5024068263,4.8379105945
182,682,65.9867435608,16.7820882277,2.7318141136,5.3983139542
183,683,66.0542027965,16.8495474634,0.2147100998,9.1526573928
184,684,66.2192065490,17.0145512159,5.3244759291,2.1999041710
185,685,66.2890986924,17.0844433593,2.9974928295,3.5766695411
186,686,66.3164359266,17.1117805935,3.9228645621,1.7803712245
187,687,66.4424884922,17.2378331591,2.9698616982,2.8995147699
188,688,66.4636642208,17.2590088877,1.9465184864,2.8558712022
189,689,66.5435800738,17.3389247407,5.7249093743,1.7314035576
190,690,66.7790059380,17.5743506049,2.5332804122,2.3249998491
191,691,66.9341788501,17.7295235170,5.1127182976,1.1344114961
192,692,66.9562407270,17.7515853939,4.2378307019,0.1177833150
193,693,67.2301616454,18.0255063122,3.5246565210,4.5415245187
194,694,67.4815003012,18.2768449681,6.9353820169,2.3518483302
195,695,67.5199947133,18.3153393802,3.7462290947,2.7528441894
196,696,67.8834521219,18.6787967888,4.5506192671,6.5806692723
197,697,68.1436074664,18.9389521333,7.5215281321,0.9025228731
198,698,68.5701446021,19.3654892690,1.1072885281,8.6623573157
199,699,68.8472311265,19.6425757934,5.2353262935,7.4839634102
200,700,68.9073488296,19.7026934965,1.8853147942,7.8558127164
