analysis_death_index,raw_death_index,raw_death_time,time_since_burnin,x,y,in_T_zone
1,501,12.7078915923,0.0172497391,0.1120570801,4.0541075657,1
2,502,12.7099006527,0.0192587995,1.4030987684,0.6351747309,0
3,503,12.7541327737,0.0634909205,6.4259979864,4.3284313105,1
4,504,12.7685651697,0.0779233165,0.5724971668,2.4153457000,0
5,505,12.7764787621,0.0858369089,5.6952165680,3.5765707092,1
6,506,12.7990833410,0.1084414877,3.0091526307,8.6642491214,0
7,507,12.8014043608,0.1107625076,3.8964721905,7.2594013643,1
8,508,12.8073740942,0.1167322410,0.7263133934,2.8952188667,0
9,509,12.8079632981,0.1173214448,3.9169557703,0.7806512562,1
10,510,12.8159160072,0.1252741540,1.2154162905,1.1968769301,0
11,511,12.9160115461,0.2253696928,7.5726198045,7.2841354994,0
12,512,12.9180634593,0.2274216061,3.2984000264,8.9251896371,0
13,513,12.9325737640,0.2419319108,4.2573140808,6.1521936106,1
14,514,12.9381387707,0.2474969174,7.8298373048,1.6888438667,0
15,515,12.9928210889,0.3021792356,4.5254611841,6.5982814590,1
16,516,12.9958763359,0.3052344827,9.5362980145,1.7560559656,0
17,517,13.0072967469,0.3166548936,7.4076119965,7.2406961432,0
18,518,13.0140933618,0.3234515085,2.3588979418,1.0713863212,0
19,519,13.0156539409,0.3250120877,9.8366090594,6.7631751750,0
20,520,13.0176528281,0.3270109748,7.1121886137,3.1248319513,0
21,521,13.0381933133,0.3475514601,5.8341937116,7.5235928546,1
22,522,13.0600410980,0.3693992448,4.9370796627,5.9869330334,1
23,523,13.0697749764,0.3791331231,5.4469393331,2.0153181306,1
24,524,13.1045088164,0.4138669631,9.0878476123,1.2636365132,0
25,525,13.1079306906,0.4172888373,6.4585636357,8.1089828600,1
26,526,13.1227278918,0.4320860386,5.3646702196,6.9186710500,1
27,527,13.1262448271,0.4356029739,2.5031560154,3.3432986837,1
28,528,13.1436822295,0.4530403762,2.2690945403,2.4575769155,0
29,529,13.1647732418,0.4741313886,1.9949757457,5.6339188873,1
30,530,13.1765197809,0.4858779276,2.3628648632,9.1329068823,0
31,531,13.1831973486,0.4925554953,3.4549682404,6.3038533418,1
32,532,13.1832623320,0.4926204787,3.0913498840,5.6606212265,1
33,533,13.2023602205,0.5117183672,3.2176431737,6.8794303712,0
34,534,13.2061406863,0.5154988331,3.5091634891,7.5486985322,1
35,535,13.2266996428,0.5360577895,3.6828656256,7.8279754773,1
36,536,13.2501944872,0.5595526339,2.8437767495,4.1567198485,1
37,537,13.2604970102,0.5698551570,5.4106772397,1.1050714952,1
38,538,13.2651772172,0.5745353640,2.8658511930,3.9078291321,1
39,539,13.2676803089,0.5770384557,9.5993847938,8.4594106613,0
40,540,13.2776198802,0.5869780269,5.5195970411,4.0577258385,1
41,541,13.3153562138,0.6247143606,8.9107350568,8.0611708366,0
42,542,13.3278203868,0.6371785336,8.4479726619,7.8885928877,0
43,543,13.3437355145,0.6530936612,4.3688748278,9.4390900460,1
44,544,13.3519424633,0.6613006100,6.0080547958,0.2860682370,1
45,545,13.3716711139,0.6810292607,5.8980446600,3.1001361693,1
46,546,13.3824831877,0.6918413345,6.2989796064,3.7033400008,1
47,547,13.4045893686,0.7139475153,3.8702836830,0.7558739591,1
48,548,13.4169297707,0.7262879175,4.1889853344,5.2226830751,1
49,549,13.4222898240,0.7316479708,8.6218638244,2.8569313009,0
50,550,13.4396809777,0.7490391244,3.1747579961,1.4480749951,0
51,551,13.4578524013,0.7672105480,8.6705067715,3.8967311852,0
52,552,13.4627039275,0.7720620742,5.5886083049,4.6867186963,1
53,553,13.4631793748,0.7725375215,6.2337182193,8.5625855079,1
54,554,13.4640727611,0.7734309079,8.9080897218,1.8530060536,0
55,555,13.4764822536,0.7858404003,8.3749258009,8.5935567807,0
56,556,13.4861027779,0.7954609246,7.6656528198,8.2580680859,0
57,557,13.5018498546,0.8112080013,6.5401974116,9.0178829910,1
58,558,13.5030908035,0.8124489503,0.5027746375,7.7958730372,0
59,559,13.5467592500,0.8561173968,0.9804545613,4.5387519019,1
60,560,13.5539679544,0.8633261012,4.3712798146,4.2956709812,1
61,561,13.5620731589,0.8714313056,4.8498392963,3.3808411819,1
62,562,13.5725555972,0.8819137440,6.2601237801,0.7361465340,1
63,563,13.6086197124,0.9179778591,4.5843610476,6.8770597570,1
64,564,13.6107972188,0.9201553656,4.9547738475,4.4523396127,1
65,565,13.6291236510,0.9384817977,9.9101854367,8.5323248330,0
66,566,13.6820003427,0.9913584894,4.8627955950,5.0830061623,1
67,567,13.7348221481,1.0441802949,2.2687197031,8.9930297698,0
68,568,13.7571462199,1.0665043667,1.2508955812,2.3702160647,0
69,569,13.7576520148,1.0670101616,1.6298858527,2.5937973120,0
70,570,13.7644957434,1.0738538902,8.3948284547,0.3884532112,0
71,571,13.7717382862,1.0810964329,5.1046647774,5.3756250028,1
72,572,13.7761966766,1.0855548234,5.5503495999,9.3794002563,1
73,573,13.8057377031,1.1150958499,5.7125021440,4.7310796563,1
74,574,13.8288357678,1.1381939145,1.0243721971,5.3193281035,1
75,575,13.8765358727,1.1858940195,9.5445129369,8.0870433278,0
76,576,13.8935842098,1.2029423566,7.8599851007,6.4241696314,0
77,577,13.9289361989,1.2382943457,5.9086791071,1.0435315027,1
78,578,13.9292423354,1.2386004821,5.3564754460,8.0068481060,1
79,579,13.9637255210,1.2730836677,0.8734209918,1.3288091324,0
80,580,13.9667375588,1.2760957056,5.9580383322,9.4371576897,1
81,581,13.9936955254,1.3030536722,7.9693970011,5.6850999748,0
82,582,14.0097209285,1.3190790753,5.4872046061,7.5184290733,1
83,583,14.0622683662,1.3716265130,4.9542248197,0.4467964197,1
84,584,14.0661152903,1.3754734370,0.0685280781,2.0568498350,0
85,585,14.0906764280,1.4000345748,6.4610611203,7.5825817516,1
86,586,14.1212137520,1.4305718987,5.4682937212,6.4435055035,1
87,587,14.1275335853,1.4368917320,6.1972101351,4.2849224954,1
88,588,14.2217912369,1.5311493837,5.5500090969,0.5706228187,1
89,589,14.2222523328,1.5316104796,3.5613005696,5.4039868910,1
90,590,14.2533078668,1.5626660135,1.0971751218,3.6220477292,1
91,591,14.2600197943,1.5693779411,9.7436576855,4.0301053063,0
92,592,14.2638935714,1.5732517182,5.7915563583,0.8757078228,1
93,593,14.2807842143,1.5901423610,3.7402670309,3.2177173438,1
94,594,14.2850870707,1.5944452175,7.8583282212,7.6505236728,0
95,595,14.3075872034,1.6169453502,9.0662196578,4.3050421163,0
96,596,14.3115356310,1.6208937777,9.0706548651,3.9062088167,0
97,597,14.3277411631,1.6370993099,5.8899025722,6.2753896281,1
98,598,14.3338313325,1.6431894793,1.1989089466,7.5267188931,0
99,599,14.3416675868,1.6510257336,0.6397377336,0.2683116736,0
100,600,14.3467172380,1.6560753848,6.9437214118,9.7797671981,0
101,601,14.3533608611,1.6627190079,3.3016662971,4.6424680934,1
102,602,14.3806218052,1.6899799520,0.1695959375,3.0679531389,0
103,603,14.3921389940,1.7014971408,8.0794860616,6.4789983388,0
104,604,14.4259745751,1.7353327218,1.0308279217,6.5010357609,1
105,605,14.5000253942,1.8093835410,4.9270885474,2.2450582862,1
106,606,14.5545260222,1.8638841690,1.6400389009,6.9865034158,0
107,607,14.5558959582,1.8652541049,7.6076005519,7.0629877017,0
108,608,14.5623718172,1.8717299639,4.5677849120,3.3603419883,1
109,609,14.5728393937,1.8821975404,2.8549057442,5.4315874888,1
110,610,14.5767518674,1.8861100142,8.7722766421,1.6252308730,0
111,611,14.6192083418,1.9285664885,5.0026976760,1.5764325347,1
112,612,14.6408895334,1.9502476802,1.5453307177,0.0811753833,0
113,613,14.6601966782,1.9695548250,4.4121288280,6.0160203409,1
114,614,14.6827843836,1.9921425304,9.4293811102,5.0268547615,0
115,615,14.7449048458,2.0542629925,1.7544356184,4.2144638084,1
116,616,14.7813612939,2.0907194407,7.4073290013,4.8023937491,0
117,617,14.7901652058,2.0995233526,8.2195835170,3.1406539504,0
118,618,14.8166830941,2.1260412409,6.5114890886,5.8357100351,1
119,619,14.8760475918,2.1854057385,7.0903409255,7.4258612037,0
120,620,14.9519483339,2.2613064807,6.1648334362,9.3838290887,1
121,621,14.9581761517,2.2675342985,7.2631052907,2.7513103149,0
122,622,14.9774528240,2.2868109708,7.6439854052,8.2627938664,0
123,623,15.0077778361,2.3171359829,3.1871173115,3.4731115969,1
124,624,15.0210181980,2.3303763447,6.3300342259,6.2605192113,1
125,625,15.0437266061,2.3530847528,6.3540448127,5.2030907431,1
126,626,15.0522560853,2.3616142320,6.1067380709,3.7380196112,1
127,627,15.0862921353,2.3956502821,6.8678795202,5.5809963002,0
128,628,15.0898047264,2.3991628732,6.4701956894,0.5815560387,1
129,629,15.1063301646,2.4156883113,0.0756924900,2.0406460131,0
130,630,15.1245676020,2.4339257488,9.0751757583,7.7849412216,0
131,631,15.1537245224,2.4630826691,9.5332576711,4.3478043908,0
132,632,15.1664557959,2.4758139426,6.8338521552,1.2051166472,0
133,633,15.1723101833,2.4816683300,8.1517099586,9.3970483713,0
134,634,15.1937617636,2.5031199104,5.3873681616,1.5152793038,1
135,635,15.1964222387,2.5057803855,7.3918414118,9.2661527563,0
136,636,15.2398396409,2.5491977877,2.5263166516,7.0976254762,0
137,637,15.2468216513,2.5561797981,1.8242845920,2.6891851475,0
138,638,15.2598662042,2.5692243510,2.6851165848,8.0256734584,0
139,639,15.2661037585,2.5754619052,7.3924056637,6.7868534491,0
140,640,15.2796391713,2.5889973180,5.4996232361,8.6571784445,1
141,641,15.3180155166,2.6273736634,8.8133262233,5.9865101788,0
142,642,15.3210823844,2.6304405311,7.8509919071,3.2975893247,0
143,643,15.3218889177,2.6312470644,9.6680567723,2.1072268192,0
144,644,15.3266347746,2.6359929214,5.8114622368,6.7679360811,1
145,645,15.3401825771,2.6495407239,0.3778650347,7.3015816958,0
146,646,15.3675080547,2.6768662015,6.3264014327,3.0947948896,1
147,647,15.3878127677,2.6971709145,4.0518896550,7.3561807119,1
148,648,15.3930502594,2.7024084062,6.0509720362,8.1120931527,1
149,649,15.3978818507,2.7072399974,2.6098843156,5.6499458595,1
150,650,15.4596548267,2.7690129734,1.0457895536,3.5474340282,1
151,651,15.4801869480,2.7895450948,3.8085424723,1.4476399440,1
152,652,15.4826923117,2.7920504584,5.1726349379,4.5984949136,1
153,653,15.4916245791,2.8009827258,7.3140107805,4.8241506554,0
154,654,15.4943385118,2.8036966586,4.9167138409,0.5165794306,1
155,655,15.4979332241,2.8072913709,8.6213503958,9.3782536994,0
156,656,15.5355372434,2.8448953902,4.1970465655,5.1469212607,1
157,657,15.5465724587,2.8559306054,7.8905783779,9.1958519780,0
158,658,15.5466287636,2.8559869104,0.5374663754,6.0829041958,1
159,659,15.5579207872,2.8672789339,1.8146788464,0.4051271744,0
160,660,15.5736147354,2.8829728822,4.3755258191,9.2729233001,1
161,661,15.5849270540,2.8942852007,0.5566871207,5.0321492502,1
162,662,15.6229824802,2.9323406270,3.4140423379,7.8062430544,1
163,663,15.6412522504,2.9506103972,5.2471933974,3.3127812854,1
164,664,15.6562869282,2.9656450749,0.7682274079,2.2863599950,0
165,665,15.6568019038,2.9661600506,6.3976406092,4.4422851534,1
166,666,15.6816110055,2.9909691523,2.8027179820,3.2530637012,0
167,667,15.7009723433,3.0103304900,1.3989284000,4.9495156317,1
168,668,15.7029412927,3.0122994395,9.0369177512,6.1331623357,0
169,669,15.7112922121,3.0206503589,3.3327649626,7.3486227357,0
170,670,15.7161432414,3.0255013881,9.9730520481,6.6203715519,0
171,671,15.7249053655,3.0342635122,1.1836639856,4.5299307641,1
172,672,15.7342840646,3.0436422113,4.4055575689,4.6380591757,1
173,673,15.7439193825,3.0532775292,3.1000115841,1.9851092245,0
174,674,15.7500421609,3.0594003076,1.0133444844,7.9753690503,0
175,675,15.7737620441,3.0831201909,3.7702499148,6.5548927607,1
176,676,15.7781402456,3.0874983924,0.3039804630,7.5497700369,0
177,677,15.7885511789,3.0979093257,3.2641827627,5.4583349470,1
178,678,15.7997319184,3.1090900652,3.6986854420,3.2483906601,1
179,679,15.8007391809,3.1100973277,3.8017942122,5.5887034021,1
180,680,15.8324226404,3.1417807872,2.3679687378,9.2806620579,0
181,681,15.8461125923,3.1554707391,3.2691980497,4.9650343872,1
182,682,15.8632259683,3.1725841150,8.6247037021,7.0142291761,0
183,683,15.8949696756,3.2043278224,6.8360717858,5.9923496191,0
184,684,15.9165596237,3.2259177704,8.0216867862,6.4232103416,0
185,685,15.9262263919,3.2355845387,4.2270099877,7.8517726229,1
186,686,15.9567454011,3.2661035479,3.3588012229,7.9890571931,1
187,687,15.9697236503,3.2790817971,6.0835497456,3.2519161974,1
188,688,15.9802535639,3.2896117107,3.6550051467,7.2549576490,1
189,689,15.9973631616,3.3067213083,5.0088573217,7.1980488215,1
190,690,16.0001541275,3.3095122743,7.9808443931,4.6051802621,0
191,691,16.0391959846,3.3485541314,3.7575079955,5.7955380183,1
192,692,16.0581026747,3.3674608215,2.7066417880,8.4857393755,0
193,693,16.0716542897,3.3810124365,1.6195208402,4.6921578429,1
194,694,16.0849862947,3.3943444415,9.8830038893,6.1511691400,0
195,695,16.1364937245,3.4458518712,6.9328268086,4.6163542787,0
196,696,16.1708548956,3.4802130424,1.1934950219,5.6292113518,1
197,697,16.1819186758,3.4912768226,4.0614840520,4.5123703440,1
198,698,16.1820453717,3.4914035185,9.9303919478,5.8600731585,0
199,699,16.1820700634,3.4914282102,3.3285651167,3.7216337155,1
200,700,16.1883018913,3.4976600380,5.6050241510,2.3530425692,1
201,701,16.2602979355,3.5696560822,4.3360418858,3.5259087068,1
202,702,16.2842323421,3.5935904889,0.5902389619,3.7227472156,1
203,703,16.3190155431,3.6283736899,5.9790727383,6.2496228554,1
204,704,16.3551197226,3.6644778693,3.6523343984,2.9536236837,1
205,705,16.3599232206,3.6692813674,1.2695076155,1.5729361732,0
206,706,16.3699135267,3.6792716734,0.7773322069,3.9239315300,1
207,707,16.3878969566,3.6972551033,6.3013756917,6.0199495141,1
208,708,16.3907309726,3.7000891193,4.6348308699,5.7998737321,1
209,709,16.3987926920,3.7081508387,2.1798682619,8.9380259898,0
210,710,16.4333616717,3.7427198185,6.5890523927,9.4681448836,1
211,711,16.4346697939,3.7440279407,0.2999013024,2.7516336167,0
212,712,16.4654543627,3.7748125095,6.3212504709,8.7712507494,1
213,713,16.5504213523,3.8597794990,2.3148232533,4.9265912853,1
214,714,16.5596730148,3.8690311616,3.0735732941,7.6056170431,0
215,715,16.5685273235,3.8778854702,9.6344310020,3.5375755536,0
216,716,16.5883849345,3.8977430812,4.3517474658,0.6947406630,1
217,717,16.6012644183,3.9106225650,0.1886544625,1.3426844957,0
218,718,16.6206194636,3.9299776104,9.8826062262,4.5080422875,0
219,719,16.6383552919,3.9477134386,2.1574723725,1.9643228556,0
220,720,16.6644269776,3.9737851244,5.0212285433,0.8623125555,1
221,721,16.6866438678,3.9960020145,4.7137211891,2.3630843670,1
222,722,16.7082847776,4.0176429244,9.0521085585,0.1776394130,0
223,723,16.7429568533,4.0523150000,6.8283449445,4.7838678016,0
224,724,16.8245390199,4.1338971667,1.3398065807,7.2390506373,0
225,725,16.8253674211,4.1347255678,9.4878613973,7.9470771275,0
226,726,16.8308758614,4.1402340082,3.2042565540,5.5887002319,1
227,727,16.8364013539,4.1457595006,6.1588875588,6.3791307417,1
228,728,16.8696131494,4.1789712962,1.3753578139,4.8324770591,1
229,729,16.8720104556,4.1813686023,6.2645144326,7.0830418187,1
230,730,16.8819603546,4.1913185014,3.9662890583,0.3182174273,1
231,731,16.8845676267,4.1939257735,1.9041768067,2.1809388666,0
232,732,16.8908153082,4.2001734550,7.8637047768,9.9492391330,0
233,733,16.8914223161,4.2007804629,2.7267324049,8.0332221992,0
234,734,16.9047081130,4.2140662598,3.9462291594,8.8221674418,1
235,735,16.9210807329,4.2304388796,7.3821898285,9.3723805348,0
236,736,16.9218670864,4.2312252332,6.7781347994,5.6637893163,0
237,737,16.9229235054,4.2322816522,1.0642937113,8.1315329093,0
238,738,16.9258064877,4.2351646345,1.0806397854,9.9659125713,0
239,739,16.9360311025,4.2453892492,7.1545351848,0.8997659272,0
240,740,16.9648087805,4.2741669273,4.5942883526,8.0736439589,1
241,741,16.9666852560,4.2760434028,5.7024556574,6.5532189596,1
242,742,17.0323267163,4.3416848631,7.9492794167,1.2022794945,0
243,743,17.0447805981,4.3541387449,0.2727363455,2.3798921600,0
244,744,17.0736905736,4.3830487203,4.1184330742,8.3952949566,1
245,745,17.0802741548,4.3896323015,7.1997738654,4.7211353441,0
246,746,17.0954403308,4.4047984776,3.4565224808,1.5973163988,1
247,747,17.1012285408,4.4105866875,7.4196130996,1.9210657967,0
248,748,17.1305175260,4.4398756728,7.7205891501,3.3676362903,0
249,749,17.1411163691,4.4504745158,2.0220664999,6.8165326137,0
250,750,17.1477732208,4.4571313676,7.2675056726,1.2544265144,0
251,751,17.1511630053,4.4605211521,8.6204376001,4.0322283526,0
252,752,17.1754667204,4.4848248671,4.7480488428,1.9933852013,1
253,753,17.1822751872,4.4916333340,7.0669551514,2.7125609411,0
254,754,17.1931805507,4.5025386975,8.0066280995,9.7647800669,0
255,755,17.2005305621,4.5098887088,1.7357241249,9.2127608860,0
256,756,17.2086685160,4.5180266627,0.1363012558,2.5185999832,0
257,757,17.2204850478,4.5298431946,2.8037847565,3.0586709417,0
258,758,17.2597631929,4.5691213397,0.0083735831,1.5055206834,0
259,759,17.2644649199,4.5738230667,6.2521076582,9.6195948373,1
260,760,17.2765706506,4.5859287974,5.4737926914,8.0237810002,1
261,761,17.2798285363,4.5891866831,7.6397817019,7.9078476722,0
262,762,17.2853156937,4.5946738405,9.2764675061,2.6858879823,0
263,763,17.2908796684,4.6002378152,3.4063745733,6.5712999730,1
264,764,17.2947764968,4.6041346435,5.2910909922,8.5978952805,1
265,765,17.3071801614,4.6165383082,8.2271092535,6.4745714480,0
266,766,17.3081313331,4.6174894799,6.2070298893,9.8636487038,1
267,767,17.3156057178,4.6249638646,5.6720337675,3.1693501433,1
268,768,17.3164044976,4.6257626443,8.2123585669,5.3737141874,0
269,769,17.3166555847,4.6260137314,0.3546528230,8.4162729885,0
270,770,17.3168046432,4.6261627899,4.5386137787,9.4870667715,1
271,771,17.3185907747,4.6279489214,3.4804654873,0.3629605807,1
272,772,17.3249877671,4.6343459138,7.1805319987,5.1567744919,0
273,773,17.3423677045,4.6517258513,6.0644756014,9.0471064826,1
274,774,17.3855754704,4.6949336172,9.0317169617,3.0691703557,0
275,775,17.3900102709,4.6993684176,4.0463664973,0.0987877167,1
276,776,17.4068240434,4.7161821902,5.1443808915,2.3173682279,1
277,777,17.4108242108,4.7201823576,4.8690302279,5.0733596971,1
278,778,17.4139424857,4.7233006325,7.8424016266,5.6667798758,0
279,779,17.4223109379,4.7316690846,1.5139285418,1.1318717716,0
280,780,17.4288866106,4.7382447573,4.8859051463,8.6020681934,1
281,781,17.4591720115,4.7685301582,0.7963627054,7.1366659348,0
282,782,17.4852122461,4.7945703928,3.3018322950,3.0572089401,0
283,783,17.4869784491,4.7963365958,0.3497005882,1.1893115042,0
284,784,17.4962515980,4.8056097448,0.6741355525,6.2951695864,1
285,785,17.5340727710,4.8434309177,8.8400133185,1.3225686065,0
286,786,17.5705394346,4.8798975814,0.3135199390,2.6212119416,0
287,787,17.5709409995,4.8802991462,1.7711256998,6.1834647770,1
288,788,17.5956866561,4.9050448029,8.3196802790,2.2754229618,0
289,789,17.6014035096,4.9107616563,9.4112682609,9.2302467715,0
290,790,17.6389445806,4.9483027274,2.7922769047,9.7637615322,0
291,791,17.7222540029,5.0316121496,7.4857628681,2.7404707023,0
292,792,17.7530644224,5.0624225691,4.1684288307,2.4886735086,1
293,793,17.7776600461,5.0870181929,3.9697140912,3.0178839225,1
294,794,17.7788916514,5.0882497981,7.3714729583,9.3740477805,0
295,795,17.8044171613,5.1137753081,0.0664860622,7.4657137489,0
296,796,17.8369062145,5.1462643612,6.3485882825,2.0295961555,1
297,797,17.8639025284,5.1732606752,4.9505148744,3.4818604686,1
298,798,17.8926865500,5.2020446968,5.8261101964,7.4556409944,1
299,799,17.8956193992,5.2049775459,3.8286928293,2.7264890775,1
300,800,17.8963724268,5.2057305736,3.6330184693,2.0578107333,1
301,801,17.8994250697,5.2087832165,4.2503204390,0.0721775166,1
302,802,17.9453896343,5.2547477811,9.1793557112,2.9983639338,0
303,803,17.9461507850,5.2555089317,0.7118076683,8.3597318280,0
304,804,17.9639822306,5.2733403773,2.8678729489,0.4013055607,0
305,805,17.9907137690,5.3000719157,2.0533144020,9.4108451559,0
306,806,18.0096582261,5.3190163729,4.9746778668,0.2531617473,1
307,807,18.0197406935,5.3290988402,2.2957219064,5.0540844114,1
308,808,18.0299899273,5.3393480741,0.1700963250,6.8942498271,0
309,809,18.0363614680,5.3457196148,3.6782328451,9.1228678643,1
310,810,18.0538421134,5.3632002601,4.5030934861,3.0333228627,1
311,811,18.0562704423,5.3656285890,0.6652856714,3.2490852765,0
312,812,18.0910777102,5.4004358570,2.7718480245,3.8000878250,1
313,813,18.1110003792,5.4203585260,1.0389453515,7.2834520146,0
314,814,18.1199326854,5.4292908321,4.5080600840,0.8361035811,1
315,815,18.1539188915,5.4632770382,9.1272770888,4.8609901617,0
316,816,18.1690429066,5.4784010534,2.8602960103,6.6826608653,0
317,817,18.1736227578,5.4829809046,4.4289714228,6.7298409564,1
318,818,18.1791006135,5.4884587603,6.7737462375,4.0991396283,0
319,819,18.1961162994,5.5054744462,5.9253945573,8.7668087193,1
320,820,18.1979141731,5.5072723199,5.0194578317,4.3180885972,1
321,821,18.2659747740,5.5753329208,5.0717498425,6.4768669794,1
322,822,18.3153921014,5.6247502481,5.2684553407,4.3069946566,1
323,823,18.3170726593,5.6264308060,9.2299033972,7.0782072011,0
324,824,18.3215970433,5.6309551901,6.8658256386,2.3212296640,0
325,825,18.3325253763,5.6418835231,2.8401514474,7.1460389050,0
326,826,18.3747698460,5.6841279927,6.4572298815,0.3327523097,1
327,827,18.3833874768,5.6927456236,4.9153643478,4.9916645299,1
328,828,18.3838151004,5.6931732471,4.0945205355,0.5906364339,1
329,829,18.3902600246,5.6996181714,8.3136103096,9.6763394309,0
330,830,18.3931110597,5.7024692065,9.6164863147,1.6125377840,0
331,831,18.4354013391,5.7447594859,3.3493010221,8.4061595665,1
332,832,18.4406200328,5.7499781795,9.1382130834,7.3671787674,0
333,833,18.4550225175,5.7643806643,6.0522095176,4.9300835087,1
334,834,18.4879714942,5.7973296410,0.9121014900,5.0036014084,1
335,835,18.4935980398,5.8029561866,1.4158973841,9.2772706317,0
336,836,18.5088281402,5.8181862869,8.6556415394,0.5160478490,0
337,837,18.5246422659,5.8340004126,8.1343729997,6.9511266340,0
338,838,18.5391633419,5.8485214886,0.3689942493,2.3232537746,0
339,839,18.5429420644,5.8523002112,9.3172974683,4.0030990501,0
340,840,18.5566812008,5.8660393475,4.4251364840,6.5408154921,1
341,841,18.5702206435,5.8795787903,9.6540777713,9.0788477986,0
342,842,18.5838637131,5.8932218599,1.0754085144,4.1624876368,1
343,843,18.5924462081,5.9018043548,4.2035410018,6.9613841985,1
344,844,18.5954172150,5.9047753618,8.6858734996,0.2585524044,0
345,845,18.6194486332,5.9288067800,8.6165975698,8.4995910593,0
346,846,18.6263122659,5.9356704127,5.8699330518,2.1548609039,1
347,847,18.6318320049,5.9411901517,1.9415736921,8.6266782660,0
348,848,18.6704624706,5.9798206174,0.2335877279,7.7912088785,0
349,849,18.6759844911,5.9853426378,7.9699305422,0.1625097938,0
350,850,18.6781718223,5.9875299691,2.7234212073,7.8033665199,0
351,851,18.6831333058,5.9924914526,5.6086262431,1.7823560584,1
352,852,18.6902113150,5.9995694618,0.0297840352,0.1445752144,0
353,853,18.7029053530,6.0122634998,1.7823323730,5.4885020724,1
354,854,18.7032555872,6.0126137340,2.2863739416,0.7957750056,0
355,855,18.7191948216,6.0285529683,2.7360272743,2.8136049563,0
356,856,18.7209908569,6.0303490036,5.5849369547,4.6634905570,1
357,857,18.7435671032,6.0529252499,4.3953720625,0.2872993231,1
358,858,18.7632787849,6.0726369317,0.3669410392,3.5053310440,1
359,859,18.7848901904,6.0942483372,8.2975056319,3.8893557618,0
360,860,18.7865197803,6.0958779270,8.8298680221,4.8729579521,0
361,861,18.7965668298,6.1059249766,3.1583617246,3.9630051595,1
362,862,18.8333056176,6.1426637644,9.7566539399,5.3034753077,0
363,863,18.8558998069,6.1652579537,2.4481830902,9.2540659366,0
364,864,18.8684182346,6.1777763814,8.9251461420,0.0280146281,0
365,865,18.8883789310,6.1977370778,2.8689142877,2.9115785103,0
366,866,18.9065249836,6.2158831303,6.7792233314,6.3405490752,0
367,867,19.0005485600,6.3099067067,2.3076413406,0.9278324048,0
368,868,19.0049202294,6.3142783761,1.5802016327,2.0895968696,0
369,869,19.0270267274,6.3363848741,3.0453955614,0.4611154528,0
370,870,19.0469522060,6.3563103527,8.0307536179,7.4370764496,0
371,871,19.0510638502,6.3604219970,0.6720620687,9.1734367985,0
372,872,19.0733120820,6.3826702287,2.0847504016,6.9968550085,0
373,873,19.0818930654,6.3912512121,9.3323765883,7.9851373322,0
374,874,19.0821175318,6.3914756785,0.2432255769,1.3643010218,0
375,875,19.0832211085,6.3925792552,6.8100006966,9.8936727729,0
376,876,19.0859889786,6.3953471254,2.4891567403,0.4604424608,0
377,877,19.0925011765,6.4018593232,8.9093463126,1.2125893123,0
378,878,19.1176091274,6.4269672742,3.6173382045,3.0099848583,1
379,879,19.1314154875,6.4407736343,2.8634419805,4.6870094778,1
380,880,19.1324003552,6.4417585020,3.4605632902,5.1799001072,1
381,881,19.1587029378,6.4680610845,6.5811283539,1.2883905757,1
382,882,19.1701987474,6.4795568942,4.3006402898,1.4629471596,1
383,883,19.1719689651,6.4813271119,8.1298853690,1.1024054957,0
384,884,19.1975187467,6.5068768934,9.6950456839,1.3443296972,0
385,885,19.2032489308,6.5126070775,4.8634350617,7.0043671725,1
386,886,19.2180817545,6.5274399013,7.6893570961,5.6851917055,0
387,887,19.2236570144,6.5330151611,6.6129622706,9.0385393599,1
388,888,19.2247405558,6.5340987026,2.8098734912,9.7808083438,0
389,889,19.2274257873,6.5367839341,5.4059438978,0.1248365315,1
390,890,19.2308256910,6.5401838377,2.4803249034,8.7060990687,0
391,891,19.2437895843,6.5531477310,7.7280992964,4.3478303541,0
392,892,19.2773542319,6.5867123787,2.6325574589,1.6519223408,0
393,893,19.2823951973,6.5917533441,2.5069522120,3.3116850863,0
394,894,19.2970787585,6.6064369052,5.0799117184,6.8262836935,1
395,895,19.3035357005,6.6128938472,2.2166303913,6.7530549840,0
396,896,19.3063868820,6.6157450287,1.2642139851,0.9439761747,0
397,897,19.3072779531,6.6166360999,9.2044635075,1.9721877427,0
398,898,19.3236452179,6.6330033646,3.9709757906,3.3354872466,1
399,899,19.3323540416,6.6417121884,3.7685788923,1.9355277556,1
400,900,19.3436012834,6.6529594302,3.0717643794,3.7550064566,1
401,901,19.3476941184,6.6570522652,1.5136102129,9.6892449014,0
402,902,19.3663088718,6.6756670186,8.4126226515,9.2679643810,0
403,903,19.3715578606,6.6809160074,4.5378004259,9.7525144754,1
404,904,19.3749709785,6.6843291253,5.8131697073,3.7790997795,1
405,905,19.3977923144,6.7071504612,4.3516723447,6.1727438668,1
406,906,19.4272201395,6.7365782863,8.8941232709,4.7796948832,0
407,907,19.4610458730,6.7704040198,0.0208531872,6.0273461863,1
408,908,19.4659334081,6.7752915549,4.6294831964,1.6032981636,1
409,909,19.4705454534,6.7799036002,1.1601751619,8.8911971878,0
410,910,19.4925145034,6.8018726502,8.0313595389,2.2784039933,0
411,911,19.4994832164,6.8088413632,4.9100119240,9.1348583780,1
412,912,19.5045906860,6.8139488328,8.2941088845,9.3878671172,0
413,913,19.5093180398,6.8186761865,7.6723914725,7.5407285333,0
414,914,19.5230828560,6.8324410028,5.1597684384,9.8768225657,1
415,915,19.5308441667,6.8402023134,4.8150203185,8.2201110880,1
416,916,19.6592787790,6.9686369258,4.9797610243,3.0821701678,1
417,917,19.6667656986,6.9761238453,0.2484973344,6.9260712269,0
418,918,19.6745839645,6.9839421113,2.9123693360,3.0509613460,0
419,919,19.6793643443,6.9887224911,6.0897639323,5.2088688910,1
420,920,19.6969760003,7.0063341470,7.6367196957,0.4024936620,0
421,921,19.7178666196,7.0272247663,4.3643667421,6.8986347989,1
422,922,19.7486045148,7.0579626616,6.5152512313,1.0450607281,1
423,923,19.7948252382,7.1041833850,3.3980844425,0.1342016277,1
424,924,19.7989055727,7.1082637194,2.5416169373,3.9982209518,1
425,925,19.8178999317,7.1272580785,9.7930785910,3.0747841722,0
426,926,19.8375653244,7.1469234711,5.0802295171,4.3555503741,1
427,927,19.8422475659,7.1516057127,4.4406276945,0.5970550498,1
428,928,19.8431966736,7.1525548204,0.3433472854,4.3301761336,1
429,929,19.8552754754,7.1646336222,3.6324223649,5.4676791667,1
430,930,19.8759101028,7.1852682496,6.4461330300,8.3343053536,1
431,931,19.8773236568,7.1866818036,7.5794574610,0.5201004860,0
432,932,19.8802368471,7.1895949939,4.3726347423,0.1100415196,1
433,933,19.8954863374,7.2048444841,4.1570665463,9.0731032485,1
434,934,19.9088207214,7.2181788681,1.8110425074,6.8031392685,0
435,935,19.9256650226,7.2350231693,3.4408753607,1.1383601332,1
436,936,19.9329435374,7.2423016841,7.2297060785,0.9154495513,0
437,937,19.9486749255,7.2580330723,5.3745501786,5.6454182183,1
438,938,19.9489771203,7.2583352671,1.4181312922,6.7443616032,0
439,939,19.9815216569,7.2908798036,4.5397804300,5.4847041796,1
440,940,19.9863914336,7.2957495803,1.2642471471,1.7296922414,0
441,941,20.0129277751,7.3222859219,0.0364167210,6.1169863126,1
442,942,20.0621974106,7.3715555573,7.3315997147,8.5477971309,0
443,943,20.0702887058,7.3796468526,3.1473393842,6.9350761743,0
444,944,20.0904838910,7.3998420378,3.1635911724,1.0740053826,0
445,945,20.1023170016,7.4116751483,6.9127848764,5.2156523526,0
446,946,20.1319420230,7.4413001697,4.1081863725,5.8115319152,1
447,947,20.1483256709,7.4576838176,5.7402486102,6.2913373794,1
448,948,20.1532711719,7.4626293187,1.8154339909,0.0921741983,0
449,949,20.1629630976,7.4723212443,9.3203041544,7.1925245878,0
450,950,20.1939829648,7.5033411115,0.6523893797,5.5520255319,1
451,951,20.2307305167,7.5400886635,9.4796104038,4.4004685412,0
452,952,20.2459697450,7.5553278918,1.6127045979,1.4733254905,0
453,953,20.2492309278,7.5585890745,8.0424506811,5.7212374705,0
454,954,20.3139834624,7.6233416091,3.7825690090,6.7005009246,1
455,955,20.3149090164,7.6242671631,1.4181355699,8.6588963974,0
456,956,20.3171575593,7.6265157061,6.9512448192,2.9696268797,0
457,957,20.3652960448,7.6746541915,2.9562392362,4.5112571184,1
458,958,20.3727878484,7.6821459952,0.2029610777,7.5496390385,0
459,959,20.4658940158,7.7752521626,5.6521155407,1.2259059866,1
460,960,20.4674047006,7.7767628474,4.7025632976,2.9047563271,1
461,961,20.4745221701,7.7838803169,3.5974450695,1.2422973431,1
462,962,20.5001825512,7.8095406979,7.7481988938,2.0920980069,0
463,963,20.5166900653,7.8260482121,4.5191199077,0.0300969404,1
464,964,20.5173896682,7.8267478150,1.0231108872,4.1045945928,1
465,965,20.5214597009,7.8308178476,7.5981562539,6.1854551081,0
466,966,20.5291019243,7.8384600710,1.6728296671,4.9681138094,1
467,967,20.5797836188,7.8891417655,5.0523330060,8.4004834697,1
468,968,20.5816702105,7.8910283573,6.4263260346,4.4543579723,1
469,969,20.6200956525,7.9294537993,7.3504924272,3.5843482172,0
470,970,20.6228397204,7.9321978672,3.7298666425,5.9019806818,1
471,971,20.6363091782,7.9456673250,7.7078639772,4.0932471059,0
472,972,20.6380769538,7.9474351006,2.2615829205,2.7398270854,0
473,973,20.6652191314,7.9745772782,2.8527710071,9.6531234278,0
474,974,20.6853366640,7.9946948108,0.8427235499,3.4301973691,1
475,975,20.7290186489,8.0383767956,5.0314914577,3.6407814468,1
476,976,20.7500751211,8.0594332679,3.7087023593,8.9227514712,1
477,977,20.7577638441,8.0671219909,9.6736071386,2.9266847141,0
478,978,20.7586600687,8.0680182155,1.4604917685,3.2146627337,0
479,979,20.7641969320,8.0735550788,2.0685395398,3.4757414711,1
480,980,20.7764293453,8.0857874920,8.4713709210,0.5850893347,0
481,981,20.7881989745,8.0975571212,9.0564611234,9.4095806409,0
482,982,20.8102682505,8.1196263972,8.8853511925,8.2416189044,0
483,983,20.8161117446,8.1254698914,5.6593460732,7.5774378814,1
484,984,20.8330143781,8.1423725248,9.6462259150,0.9920347903,0
485,985,20.8366095179,8.1459676646,4.0041278279,8.3096754318,1
486,986,20.8867278706,8.1960860174,3.5298760781,3.9754605210,1
487,987,20.8954691391,8.2048272858,5.5378310593,5.4590185806,1
488,988,20.8958678477,8.2052259944,5.0459787529,2.2634209035,1
489,989,20.9127584135,8.2221165603,1.3527107046,1.4594844731,0
490,990,20.9264818532,8.2358400000,9.4264981767,7.2315204966,0
491,991,20.9409814970,8.2503396437,0.9623233838,9.5061467526,0
492,992,20.9526233311,8.2619814778,2.2708212261,7.9254765762,0
493,993,21.0020164048,8.3113745516,2.0531609377,4.1376002697,1
494,994,21.0296710624,8.3390292091,5.7202182182,3.8126590827,1
495,995,21.0469095003,8.3562676471,5.0249251599,9.9439503895,1
496,996,21.0547766949,8.3641348417,4.2332836048,4.1619518500,1
497,997,21.0557419841,8.3651001308,1.4739525251,7.0812506482,0
498,998,21.1276249619,8.4369831087,2.7852873499,5.5047699958,1
499,999,21.1442309677,8.4535891144,7.7787120475,9.2413669617,0
500,1000,21.1596802836,8.4690384303,6.7068939392,1.4663146502,0
501,1001,21.1626318415,8.4719899883,2.8862231292,3.5295319297,1
502,1002,21.1675752952,8.4769334419,3.6489467459,9.7325346890,1
503,1003,21.1787674384,8.4881255852,7.4712924113,3.3583965878,0
504,1004,21.1808356089,8.4901937557,6.7813774794,1.8147693810,0
505,1005,21.1819313011,8.4912894478,4.1157908190,1.9497164869,1
506,1006,21.1967658385,8.5061239852,9.4879338669,8.7690155914,0
507,1007,21.2068066518,8.5161647985,0.3429110129,7.8257870038,0
508,1008,21.2117823559,8.5211405027,6.7652751371,4.5732472769,0
509,1009,21.2400674654,8.5494256122,5.7054026104,5.8563427054,1
510,1010,21.2582562446,8.5676143914,7.7959267551,9.8635688213,0
511,1011,21.2836458488,8.5930039956,7.4411802906,3.7623967574,0
512,1012,21.2960151842,8.6053733310,2.5299259731,6.7594738197,0
513,1013,21.3047457481,8.6141038948,7.1070431100,6.9150448021,0
514,1014,21.3059428936,8.6153010404,1.6456934926,1.4478437581,0
515,1015,21.3231219872,8.6324801339,9.8229951783,3.5388133436,0
516,1016,21.3516741119,8.6610322586,4.9730451695,8.4778634535,1
517,1017,21.3554686484,8.6648267951,6.0032751898,1.7854559871,1
518,1018,21.3823974276,8.6917555743,7.0243654342,8.1877304208,0
519,1019,21.3874225338,8.6967806805,0.8921674244,2.5557368157,0
520,1020,21.3955379539,8.7048961006,1.6338630058,5.4362811956,1
521,1021,21.3957168489,8.7050749957,0.9974626150,7.9871227142,0
522,1022,21.4183218360,8.7276799827,8.8225829308,0.0188143460,0
523,1023,21.4238900445,8.7332481912,9.6520164405,5.8530397828,0
524,1024,21.4239027154,8.7332608622,8.2350873669,6.8435409776,0
525,1025,21.4272380299,8.7365961766,6.8782697856,8.3061773062,0
526,1026,21.4382778778,8.7476360246,1.9721953844,4.3825023187,1
527,1027,21.4414493299,8.7508074766,6.0008956189,6.1129877006,1
528,1028,21.4442339197,8.7535920665,2.1323270341,2.4512419520,0
529,1029,21.4611598220,8.7705179688,9.2363733798,5.9567109947,0
530,1030,21.4803909186,8.7897490654,8.7350779556,2.4351118001,0
531,1031,21.4848589459,8.7942170927,1.8272075324,1.0077442187,0
532,1032,21.5345084128,8.8438665595,4.9347578297,6.1394906890,1
533,1033,21.5437389472,8.8530970940,6.8266593968,7.8933526318,0
534,1034,21.5711024998,8.8804606465,1.1021549315,9.7745048972,0
535,1035,21.5875248158,8.8968829626,2.4970347826,1.6119256851,0
536,1036,21.5939156958,8.9032738425,2.4811697372,1.8784583535,0
537,1037,21.6264066871,8.9357648339,2.7224637134,7.6916735405,0
538,1038,21.6704102932,8.9797684399,8.3013897280,2.0751668344,0
539,1039,21.6852957062,8.9946538530,0.2713634431,4.3008655879,1
540,1040,21.6989143724,9.0082725192,6.2966707614,9.6169604430,1
541,1041,21.7033500472,9.0127081939,0.6813897721,3.4811636885,1
542,1042,21.7074405954,9.0167987422,1.0594257292,0.8101006459,0
543,1043,21.7158844689,9.0252426157,0.8628172663,6.5459507730,1
544,1044,21.7262911100,9.0356492568,4.8512609614,1.1956624201,1
545,1045,21.7414176210,9.0507757678,3.1180165915,4.5190851046,1
546,1046,21.7500815358,9.0594396826,7.7676531573,9.5701408041,0
547,1047,21.7557459077,9.0651040545,6.9024831292,0.5915775414,0
548,1048,21.7755885640,9.0849467108,6.3654027637,5.1544254108,1
549,1049,21.8285372737,9.1378954204,8.4397946355,5.0524971954,0
550,1050,21.8699564178,9.1793145645,7.4302624695,6.1690932808,0
551,1051,21.8796721599,9.1890303066,5.8985038346,3.0290492186,1
552,1052,21.9176762109,9.2270343577,4.7766463601,0.6312961392,1
553,1053,21.9423480258,9.2517061725,6.4044371120,0.2919546849,1
554,1054,21.9450229410,9.2543810878,4.6555033608,4.0961192791,1
555,1055,21.9741438896,9.2835020364,8.3391037838,3.6190077747,0
556,1056,21.9810037019,9.2903618487,3.4917928397,1.5536065966,1
557,1057,21.9815610734,9.2909192201,4.1705002792,9.6522984417,1
558,1058,21.9858493844,9.2952075311,5.2957653692,0.3294016169,1
559,1059,21.9939199565,9.3032781033,6.8337206878,8.9237181367,0
560,1060,21.9957961290,9.3051542758,7.3373138245,3.4813713438,0
561,1061,21.9970454333,9.3064035801,1.9074533301,0.0667323091,0
562,1062,22.0136600060,9.3230181528,0.5487384059,7.1158732205,0
563,1063,22.0526482401,9.3620063869,6.0314842174,1.4503883275,1
564,1064,22.0811452852,9.3905034320,8.1016347538,4.2101925422,0
565,1065,22.1113438234,9.4207019702,1.6845220809,4.1924334704,1
566,1066,22.1233602653,9.4327184121,7.9152071579,1.0858945844,0
567,1067,22.1474330893,9.4567912361,8.0574824789,2.4315151984,0
568,1068,22.1722629523,9.4816210991,7.3942329599,8.5724621624,0
569,1069,22.1787456176,9.4881037644,1.6008462947,8.7405292307,0
570,1070,22.1871006682,9.4964588150,9.4953230502,6.2529128165,0
571,1071,22.1930375832,9.5023957300,5.4871981329,7.2985927709,1
572,1072,22.2144514077,9.5238095545,1.6989509581,2.0959842110,0
573,1073,22.2146345291,9.5239926759,0.2276811853,3.1366931767,0
574,1074,22.2456942840,9.5550524308,7.0321669245,9.2422714468,0
575,1075,22.2483743607,9.5577325075,0.4302718395,6.0187008334,1
576,1076,22.2516019912,9.5609601379,0.1474950897,8.5377744686,0
577,1077,22.2540907686,9.5634489153,1.8494682623,5.4435499980,1
578,1078,22.2667579971,9.5761161438,1.3958280238,6.5863404453,1
579,1079,22.2804432547,9.5898014014,0.6328005202,4.3233741163,1
580,1080,22.2855993313,9.5949574780,8.0028936999,7.9022513277,0
581,1081,22.3226015813,9.6319597280,2.2039552471,0.0829796836,0
582,1082,22.3757954630,9.6851536098,9.1277988845,2.1077179704,0
583,1083,22.3769008124,9.6862589591,8.0770174005,5.3842548589,0
584,1084,22.3821052664,9.6914634132,2.5663828792,1.8426510662,0
585,1085,22.3873877892,9.6967459360,9.9306095562,7.3856357670,0
586,1086,22.3876262344,9.6969843812,6.3510077527,7.6233231187,1
587,1087,22.3897234072,9.6990815539,5.4544563462,6.5678352331,1
588,1088,22.4019157561,9.7112739029,6.7129534040,8.4379848053,0
589,1089,22.4075132362,9.7168713830,8.7453640373,4.3181433810,0
590,1090,22.4230828225,9.7324409692,4.7407034676,6.8002921949,1
591,1091,22.4404670480,9.7498251947,1.0844093502,0.7625774605,0
592,1092,22.4477311813,9.7570893281,2.0267700115,3.2439327979,0
593,1093,22.4635606575,9.7729188042,9.0605724141,4.9459750472,0
594,1094,22.4824565065,9.7918146532,9.3304331676,5.6402870379,0
595,1095,22.4841731795,9.7935313262,2.0527186703,7.6916643508,0
596,1096,22.4848251305,9.7941832773,9.4603758843,0.5549652018,0
597,1097,22.4853463712,9.7947045179,2.9276839131,5.5234373499,1
598,1098,22.5166418722,9.8260000190,1.0590764931,0.2783532245,0
599,1099,22.5334906345,9.8428487813,7.9882860578,9.0721671184,0
600,1100,22.5830539242,9.8924120710,0.3069216853,0.1070130540,0
601,1101,22.5962114667,9.9055696135,2.1153912754,3.5423189322,1
602,1102,22.6290457227,9.9384038695,9.3792760079,8.5498972667,0
603,1103,22.6377942392,9.9471523859,1.0026320641,4.8067355207,1
604,1104,22.6615701781,9.9709283249,7.5928867900,9.7451125269,0
605,1105,22.6691785752,9.9785367219,0.6294481353,5.2522301449,1
606,1106,22.7039530820,10.0133112287,4.9130431051,3.9640661700,1
607,1107,22.7168035653,10.0261617121,1.3416842913,2.5117966987,0
608,1108,22.7513511965,10.0607093432,5.8013967361,2.8069268468,1
609,1109,22.7680168195,10.0773749663,3.0578988637,3.8543585356,1
610,1110,22.7910234845,10.1003816312,8.0283961592,6.1325963404,0
611,1111,22.8161673248,10.1255254716,6.7422653662,1.1226726766,0
612,1112,22.8200236742,10.1293818209,3.7738667828,1.5797371279,1
613,1113,22.8205817086,10.1299398554,3.6653590923,5.0565231473,1
614,1114,22.8442342640,10.1535924107,2.3097589867,3.9768432518,1
615,1115,22.8557663140,10.1651244608,4.7086871911,6.5432365887,1
616,1116,22.8771235278,10.1864816745,9.5843195742,1.8186707690,0
617,1117,22.8963324752,10.2056906219,2.0461904345,5.1747968799,1
618,1118,22.8982261861,10.2075843329,3.9700932526,6.7194377835,1
619,1119,22.9280879923,10.2374461391,6.2551501522,6.8942308083,1
620,1120,22.9502712875,10.2596294342,3.5714441573,9.1120346120,1
621,1121,22.9560415779,10.2653997246,2.1375150577,9.7720788063,0
622,1122,22.9605885097,10.2699466565,2.8583324889,0.4966920090,0
623,1123,22.9615541396,10.2709122864,9.6667366416,7.2792246818,0
624,1124,22.9718185515,10.2811766983,9.7748919670,7.4222160299,0
625,1125,22.9741453913,10.2835035381,6.0613087084,5.1935232212,1
626,1126,22.9839608036,10.2933189503,7.5217039894,4.9606312585,0
627,1127,22.9843889434,10.2937470902,0.5756701596,8.1978109977,0
628,1128,22.9894159242,10.2987740709,7.1394040645,7.3825294703,0
629,1129,22.9975173528,10.3068754996,4.1549156358,9.4508468303,1
630,1130,23.0365444719,10.3459026187,7.8394547202,4.1925102760,0
631,1131,23.0420383431,10.3513964898,8.4450301878,5.0900501371,0
632,1132,23.0455376457,10.3548957925,7.5725358100,8.5707253325,0
633,1133,23.0704116267,10.3797697735,2.5247714931,7.9326048054,0
634,1134,23.0820629999,10.3914211467,9.8143456604,0.8916323800,0
635,1135,23.1187615281,10.4281196749,2.3243140289,1.0477059163,0
636,1136,23.1200900144,10.4294481611,7.8344983659,9.3961182984,0
637,1137,23.1283104431,10.4376685898,7.5336530161,8.2515325044,0
638,1138,23.1417285309,10.4510866777,5.8252045262,1.7945098113,1
639,1139,23.1637382962,10.4730964430,7.9201692329,6.4657201172,0
640,1140,23.1727688983,10.4821270451,4.8572177066,8.9236558157,1
641,1141,23.1730829160,10.4824410628,4.4407680087,2.9833778233,1
642,1142,23.1923291363,10.5016872830,1.1845188768,0.1000074327,0
643,1143,23.1933814502,10.5027395970,0.9314728485,6.2916948064,1
644,1144,23.1961331966,10.5054913434,5.4590562141,3.5794210852,1
645,1145,23.1999476810,10.5093058278,1.2935451760,3.3509191483,1
646,1146,23.2091712243,10.5185293711,7.8902522243,5.0048763927,0
647,1147,23.2213014288,10.5306595755,7.5295950792,7.3057578755,0
648,1148,23.2348132187,10.5441713655,9.9751537529,0.8234318466,0
649,1149,23.2448558446,10.5542139913,4.8063219493,0.7888752748,1
650,1150,23.2520328613,10.5613910081,5.1801220443,5.5059634976,1
651,1151,23.2601278826,10.5694860293,8.6852021370,4.5292812967,0
652,1152,23.2689194567,10.5782776035,6.8160978110,9.8786359440,0
653,1153,23.2761975585,10.5855557053,6.9937160423,3.9821772025,0
654,1154,23.2889622095,10.5983203563,9.9473803914,4.5655858236,0
655,1155,23.2909208259,10.6002789726,9.4133472764,8.0447140268,0
656,1156,23.2943286336,10.6036867804,0.7932384753,2.8114157743,0
657,1157,23.3153195880,10.6246777347,9.1574322356,0.2630507852,0
658,1158,23.3661718722,10.6755300190,0.7674239120,9.2372604949,0
659,1159,23.3694012157,10.6787593625,5.5167924222,9.5070664626,1
660,1160,23.3782516868,10.6876098335,2.9374525993,2.8499566914,0
661,1161,23.3808079480,10.6901660948,2.1147121232,6.2120415895,1
662,1162,23.4142629745,10.7236211213,7.6539435691,5.1001130995,0
663,1163,23.4208757005,10.7302338473,2.9056668497,6.5963492371,1
664,1164,23.4440887100,10.7534468568,6.9594115382,1.9002223351,0
665,1165,23.4546707300,10.7640288767,9.4416986348,9.8343567485,0
666,1166,23.4633064089,10.7726645556,0.2124425524,1.1392895752,0
667,1167,23.4820342508,10.7913923976,3.7315188974,1.5365111267,1
668,1168,23.4947070373,10.8040651841,7.5069523280,3.9971402421,0
669,1169,23.5038944795,10.8132526263,7.4314285737,0.6611802738,0
670,1170,23.5063623993,10.8157205460,1.5256221035,4.0384612353,1
671,1171,23.5555426251,10.8649007718,7.0031321277,6.2059018510,0
672,1172,23.5643302217,10.8736883685,8.3564603409,9.2358765755,0
673,1173,23.5704798157,10.8798379625,2.6418994549,0.0940867950,0
674,1174,23.5783357587,10.8876939054,3.4798472648,8.8440172414,1
675,1175,23.5783887189,10.8877468657,0.4714055923,7.3008998882,0
676,1176,23.6018632932,10.9112214399,4.7281337757,7.8452406590,1
677,1177,23.6429177858,10.9522759326,6.3646941515,6.2354318694,1
678,1178,23.6538924970,10.9632506437,7.6414570401,7.9196295508,0
679,1179,23.7050773526,11.0144354994,2.9900092676,6.6247725856,1
680,1180,23.7098234370,11.0191815837,2.0456310950,7.7944772356,0
681,1181,23.7103378538,11.0196960006,0.2065327497,6.0028767175,1
682,1182,23.7104595228,11.0198176695,8.8339638047,2.6839534670,0
683,1183,23.7181577125,11.0275158592,2.9975855994,9.9997102450,0
684,1184,23.7565814072,11.0659395539,9.7741696115,3.5116665881,0
685,1185,23.7736105346,11.0829686813,8.8702089618,7.9168975892,0
686,1186,23.7899097111,11.0992678579,5.5656522536,4.2077120948,1
687,1187,23.7997736901,11.1091318368,6.0774885359,9.7828973557,1
688,1188,23.8206772793,11.1300354260,7.9957557027,6.9467928803,0
689,1189,23.8280268668,11.1373850136,9.3343519843,5.5888190577,0
690,1190,23.8465100161,11.1558681628,9.4168311252,8.7835467554,0
691,1191,23.8554509300,11.1648090768,6.8565388759,9.8762645113,0
692,1192,23.8924476548,11.2018058015,5.7871104871,3.4589793453,1
693,1193,23.9140490426,11.2234071894,5.5712958777,2.0840558393,1
694,1194,23.9205266147,11.2298847615,5.0469476293,4.2289291448,1
695,1195,23.9233580512,11.2327161980,1.9997090089,3.3419876277,1
696,1196,23.9722247604,11.2815829071,0.7609827119,8.2585303011,0
697,1197,23.9796458474,11.2890039942,0.0645286982,8.5878699106,0
698,1198,23.9961623514,11.3055204982,9.5546976609,2.0969966988,0
699,1199,24.0059164407,11.3152745874,6.7416179181,7.5349814408,0
700,1200,24.0961142114,11.4054723582,3.2685732252,0.3168781227,0
701,1201,24.1170830501,11.4264411969,6.2016250302,3.8870647091,1
702,1202,24.1392493759,11.4486075226,5.3247012692,5.9920697573,1
703,1203,24.1783099029,11.4876680497,8.1794980718,1.3533821289,0
704,1204,24.1864748779,11.4958330246,6.2204616424,9.8766796853,1
705,1205,24.1965077939,11.5058659407,4.9722282485,6.7908566925,1
706,1206,24.1971377534,11.5064959001,0.6153688555,0.9391968959,0
707,1207,24.2188032861,11.5281614328,9.3242649285,4.9934051109,0
708,1208,24.2393820711,11.5487402178,2.7010781922,8.6901608974,0
709,1209,24.2713113795,11.5806695262,1.1556319879,6.2027593331,1
710,1210,24.2772512942,11.5866094410,3.5273546276,9.7338141011,1
711,1211,24.2809495706,11.5903077174,0.0103348208,9.9024644920,0
712,1212,24.2829990173,11.5923571641,0.7988112098,7.2798490411,0
713,1213,24.2894334030,11.5987915497,8.7123052178,4.6730184537,0
714,1214,24.2910784437,11.6004365905,0.9171431407,3.5760933296,1
715,1215,24.2945881288,11.6039462756,6.9379507198,6.4865567267,0
716,1216,24.3019251141,11.6112832608,8.1191621326,0.7796269271,0
717,1217,24.3092839471,11.6186420939,2.1908391626,6.4048002385,1
718,1218,24.3193088141,11.6286669609,3.9965563961,1.2830552589,1
719,1219,24.3855625820,11.6949207288,7.9494499220,8.2507667614,0
720,1220,24.4015584908,11.7109166376,3.1028314454,9.5820519770,0
721,1221,24.4072598779,11.7166180246,9.4869858890,3.7883499571,0
722,1222,24.4090628721,11.7184210189,1.9423211133,4.1960072588,1
723,1223,24.4136967524,11.7230548992,2.8268110282,4.3396406657,1
724,1224,24.4386369019,11.7479950486,4.3999979867,6.0818106132,1
725,1225,24.4624814871,11.7718396338,0.7019341328,9.7373056887,0
726,1226,24.4629524097,11.7723105565,1.8944297354,8.9290321243,0
727,1227,24.4672372173,11.7765953640,0.0176418824,2.1135927597,0
728,1228,24.4943538150,11.8037119617,7.4455424792,5.8185746040,0
729,1229,24.5000069836,11.8093651303,2.3607717068,7.5909522976,0
730,1230,24.5025999384,11.8119580852,0.9936621327,0.1967897695,0
731,1231,24.5651958430,11.8745539898,4.6036947056,0.9598300301,1
732,1232,24.6017009672,11.9110591140,0.6543185038,0.8890500199,0
733,1233,24.6082541670,11.9176123137,9.9923059143,9.8332359325,0
734,1234,24.6209196692,11.9302778159,1.9185355613,9.8366852816,0
735,1235,24.6326412689,11.9419994156,4.7658333068,3.2888445648,1
736,1236,24.6536494235,11.9630075702,9.4070714283,8.9548582445,0
737,1237,24.6644084234,11.9737665701,3.3589177116,8.3581303585,1
738,1238,24.6644883776,11.9738465244,6.5841698722,3.1161699098,1
739,1239,24.6771312926,11.9864894394,7.5942859975,1.2215982780,0
740,1240,24.6909344978,12.0002926446,9.2614252545,3.1998760341,0
741,1241,24.7367015826,12.0460597294,4.1684027241,8.8575376789,1
742,1242,24.7973116454,12.1066697921,6.5982350979,9.8840482341,1
743,1243,24.7976520399,12.1070101866,1.1869291665,2.6131247616,0
744,1244,24.8139280205,12.1232861673,7.0959184471,1.7408290069,0
745,1245,24.8182241158,12.1275822626,8.4957783161,6.4532785219,0
746,1246,24.8276312715,12.1369894183,4.4861556955,8.5856382405,1
747,1247,24.8325907111,12.1419488579,0.3121600622,3.7504940072,1
748,1248,24.8714436034,12.1808017502,0.8605930218,0.2303219719,0
749,1249,24.9070619099,12.2164200567,7.8557430924,3.0138537423,0
750,1250,24.9152467332,12.2246048800,3.8327435949,6.8277527115,1
751,1251,24.9278603965,12.2372185433,3.6058228147,5.3338257225,1
752,1252,24.9343081265,12.2436662733,6.9007262645,6.9896726283,0
753,1253,24.9375181443,12.2468762910,7.4520079358,8.1263190291,0
754,1254,24.9421625237,12.2515206705,8.3977012994,6.0627881963,0
755,1255,24.9428482717,12.2522064185,1.7461594593,8.2414367442,0
756,1256,24.9499459939,12.2593041407,8.0565529803,1.1527879518,0
757,1257,24.9544418087,12.2637999554,8.2941924335,7.7037171788,0
758,1258,24.9709838726,12.2803420193,5.0592292010,3.7541374356,1
759,1259,25.0026893987,12.3120475455,6.3782235975,6.2019021359,1
760,1260,25.0029800367,12.3123381834,7.3473332208,7.9001372741,0
761,1261,25.0042872258,12.3136453725,5.5583977117,8.8714137780,1
762,1262,25.0069057885,12.3162639353,5.8635286824,1.8940961267,1
763,1263,25.0367224017,12.3460805485,3.5816949192,5.9510739526,1
764,1264,25.0444923913,12.3538505380,3.5228770281,4.7864983125,1
765,1265,25.0453114315,12.3546695783,6.1123065496,5.7639467083,1
766,1266,25.0606133355,12.3699714823,2.3037949331,6.2299343963,1
767,1267,25.0763901040,12.3857482507,8.4360734756,8.8230688081,0
768,1268,25.0841720246,12.3935301713,7.4385386571,9.9167505520,0
769,1269,25.0884132976,12.3977714443,5.3751123408,7.1224576414,1
770,1270,25.1058064161,12.4151645628,9.7718685469,8.6800023598,0
771,1271,25.1102199130,12.4195780598,2.8645998132,7.6926765649,0
772,1272,25.1112370413,12.4205951881,2.5479759724,4.2568390177,1
773,1273,25.1160515316,12.4254096784,0.2271635750,7.8885564453,0
774,1274,25.1251721063,12.4345302531,9.6025309865,9.2881780144,0
775,1275,25.1338502945,12.4432084413,5.9758441223,4.6691363671,1
776,1276,25.1595132868,12.4688714336,4.4058230966,2.7765598044,1
777,1277,25.2428745905,12.5522327372,9.4422321056,6.8892250628,0
778,1278,25.2683746872,12.5777328339,8.4174487450,3.6169661992,0
779,1279,25.2860971172,12.5954552640,3.4420261849,5.4184000836,1
780,1280,25.2935513838,12.6029095306,9.8602846085,2.4767791981,0
781,1281,25.2939747264,12.6033328731,9.0045164750,4.2661878104,0
782,1282,25.3242082517,12.6335663984,1.7490433469,7.4544468954,0
783,1283,25.3273115857,12.6366697325,5.8777195310,0.7472859596,1
784,1284,25.3353077027,12.6446658495,4.4919480293,4.1375523468,1
785,1285,25.3900524108,12.6994105576,8.8473471790,2.7530522588,0
786,1286,25.4215837643,12.7309419110,8.7481566039,4.1481431649,0
787,1287,25.4334332171,12.7427913639,8.0665887574,2.1141152377,0
788,1288,25.4370761035,12.7464342502,6.7995539633,8.0320900441,0
789,1289,25.4389318806,12.7482900273,9.5703738311,0.1952547811,0
790,1290,25.4521622548,12.7615204015,6.4603551600,1.7534996724,1
791,1291,25.4561106159,12.7654687626,3.0103293178,5.0086929514,1
792,1292,25.4580326325,12.7673907793,6.5689489005,3.5418237419,1
793,1293,25.4701741684,12.7795323152,9.6553181279,4.1421397337,0
794,1294,25.5094403833,12.8187985301,6.7563707977,2.1349479699,0
795,1295,25.5215900121,12.8309481588,8.5275096661,5.6129327542,0
796,1296,25.5281421829,12.8375003297,3.8259012422,4.2546284589,1
797,1297,25.5322536149,12.8416117616,0.0591855675,5.6867624041,1
798,1298,25.5407464261,12.8501045728,9.0989720919,4.7922080182,0
799,1299,25.5485570879,12.8579152347,4.1883210361,9.9422071216,1
800,1300,25.5599798566,12.8693380034,5.4516885980,7.6786016499,1
801,1301,25.5607951302,12.8701532770,5.7682568691,5.9641746847,1
802,1302,25.5647084793,12.8740666261,7.6337791465,4.0341072729,0
803,1303,25.5931135326,12.9024716794,5.8065701322,1.8747809232,1
804,1304,25.6137559685,12.9231141153,5.2696821079,9.2725162965,1
805,1305,25.6457184143,12.9550765610,4.8268816935,5.7838173935,1
806,1306,25.6559858862,12.9653440330,0.8230627545,1.5885306310,0
807,1307,25.7542064467,13.0635645934,3.5619676485,0.6437975733,1
808,1308,25.7905829489,13.0999410956,2.5649797935,2.3084023830,0
809,1309,25.8058585598,13.1152167066,0.1233714258,0.8041499085,0
810,1310,25.8454085968,13.1547667436,7.8791271140,9.7590156592,0
811,1311,25.8790467906,13.1884049374,7.9635255576,2.5524387750,0
812,1312,25.8867890141,13.1961471608,6.2171424804,0.0649721000,1
813,1313,25.9013021492,13.2106602959,1.3213438135,8.6330575472,0
814,1314,25.9169950082,13.2263531550,0.3410551894,3.4331716455,1
815,1315,25.9858067512,13.2951648979,0.0399830405,7.6056536246,0
816,1316,25.9860106383,13.2953687851,1.9930763096,2.6441946722,0
817,1317,26.0101540926,13.3195122394,6.9598517542,0.4160635794,0
818,1318,26.0104120199,13.3197701667,2.1988627281,0.5722047316,0
819,1319,26.0326639775,13.3420221242,7.9049552455,1.8485378751,0
820,1320,26.0815475857,13.3909057325,6.5902793401,6.9947986424,1
821,1321,26.0888923823,13.3982505291,6.5128039028,8.3836471224,1
822,1322,26.0951255589,13.4044837056,5.9927132335,5.6269748626,1
823,1323,26.0975411219,13.4068992687,3.7184506770,1.9618089295,1
824,1324,26.1035941381,13.4129522849,1.4234958300,5.0466358586,1
825,1325,26.1052533583,13.4146115050,1.4372510191,6.6953827803,0
826,1326,26.1506044076,13.4599625543,8.7467947783,9.0218524143,0
827,1327,26.1690993032,13.4784574500,5.6275582345,9.1488731145,1
828,1328,26.1734261315,13.4827842783,9.1283066393,4.6358863340,0
829,1329,26.1905150612,13.4998732079,5.2429494597,4.3457061739,1
830,1330,26.1984099972,13.5077681440,9.4060445959,7.2923910068,0
831,1331,26.2086042505,13.5179623972,2.6709930975,2.1483671043,0
832,1332,26.2213390586,13.5306972054,3.7337783027,8.9184216830,1
833,1333,26.2303774316,13.5397355783,0.2090865703,6.3403572908,1
834,1334,26.2373013923,13.5466595391,7.0877366570,8.3238423824,0
835,1335,26.2590619445,13.5684200913,5.1431723587,7.6782981636,1
836,1336,26.2934713301,13.6028294768,5.8348980980,4.3212045247,1
837,1337,26.2967548486,13.6061129954,2.6428938988,5.0001733064,1
838,1338,26.3790747911,13.6884329378,1.5106398545,7.1781674757,0
839,1339,26.3823606873,13.6917188340,1.9693834642,1.0889592537,0
840,1340,26.3907502586,13.7001084054,5.5139871578,6.5666731799,1
841,1341,26.4065566602,13.7159148070,8.6201147991,5.4508190928,0
842,1342,26.4147125000,13.7240706468,9.0272847412,1.7745078240,0
843,1343,26.4353370329,13.7446951796,0.5052755180,4.4941076207,1
844,1344,26.4456813214,13.7550394682,0.6259318741,4.7017491028,1
845,1345,26.4611987775,13.7705569242,1.0065626808,1.0751646189,0
846,1346,26.5276573852,13.8370155319,7.5097015890,6.3046222556,0
847,1347,26.5319562796,13.8413144264,9.4952609915,7.6372946463,0
848,1348,26.5403798963,13.8497380431,1.4546682794,0.3346360600,0
849,1349,26.5435229101,13.8528810569,8.7443918476,1.6451240585,0
850,1350,26.5559703992,13.8653285460,1.5662986845,3.3177091901,0
851,1351,26.5614580242,13.8708161709,8.6080164291,0.5466028197,0
852,1352,26.5796839585,13.8890421053,4.2646472989,7.1139388474,1
853,1353,26.6135007246,13.9228588714,2.5552175287,9.1083285701,0
854,1354,26.6791203548,13.9884785016,4.3097314710,7.9473682725,1
855,1355,26.6850425270,13.9944006738,0.4571913243,2.5928321945,0
856,1356,26.7070681263,14.0164262731,4.4626521534,5.4196636685,1
857,1357,26.7452626097,14.0546207565,4.0340881632,4.0637446919,1
858,1358,26.7806580108,14.0900161575,4.3167678581,2.2958805196,1
859,1359,26.8017324747,14.1110906215,5.3681533313,6.2259455390,1
860,1360,26.8089233202,14.1182814670,4.0469593968,0.9842304399,1
861,1361,26.8472184334,14.1565765802,5.2232887745,5.8418900640,1
862,1362,26.8576053906,14.1669635373,3.8739186140,9.4295665501,1
863,1363,26.9859989670,14.2953571138,9.1012940720,7.8550673745,0
864,1364,27.0261053188,14.3354634656,5.4711954022,5.7966812159,1
865,1365,27.0278845549,14.3372427017,1.7498080690,4.5793748001,1
866,1366,27.0677611732,14.3771193200,7.4097932934,9.6362785863,0
867,1367,27.0718493991,14.3812075458,3.2790187264,5.5790421313,1
868,1368,27.0745978241,14.3839559708,0.9251110989,5.8037613828,1
869,1369,27.0835328198,14.3928909666,9.5361636608,5.7831827370,0
870,1370,27.0864821003,14.3958402471,0.7485573242,0.0671970461,0
871,1371,27.0921056010,14.4014637477,0.8835330514,6.9023656452,0
872,1372,27.1236172544,14.4329754012,0.5806017089,4.4422086281,1
873,1373,27.1240961848,14.4334543315,7.3452935294,2.5429053940,0
874,1374,27.2005574842,14.5099156310,0.3397766775,5.4387905473,1
875,1375,27.2078361967,14.5171943435,0.8275333231,1.9281066463,0
876,1376,27.2417961135,14.5511542603,4.1657561984,6.0808881463,1
877,1377,27.2948057310,14.6041638778,5.3967875370,0.4231168051,1
878,1378,27.2978890549,14.6072472016,0.2356418738,7.2236766498,0
879,1379,27.2978959004,14.6072540471,9.4523565771,3.4931981206,0
880,1380,27.3185917689,14.6279499156,8.4770130980,8.3329543481,0
881,1381,27.3218337230,14.6311918698,7.0250529664,8.1565833977,0
882,1382,27.3436022606,14.6529604074,2.5766517930,0.5001956904,0
883,1383,27.3509412894,14.6602994361,4.8763706266,9.3816819248,1
884,1384,27.3622399741,14.6715981208,6.6889441827,5.8904382050,0
885,1385,27.3652739512,14.6746320980,3.0266591550,6.2839698724,1
886,1386,27.3923882066,14.7017463533,9.8755514332,6.8207886113,0
887,1387,27.4654026895,14.7747608363,1.0073146641,2.4395137419,0
888,1388,27.4680588581,14.7774170049,6.1627836862,7.4159966338,1
889,1389,27.4847458247,14.7941039715,3.0380661749,6.1175627454,1
890,1390,27.4894880642,14.7988462109,4.9241856271,3.6382813286,1
891,1391,27.4917095296,14.8010676764,5.5287382733,2.3260747863,1
892,1392,27.4928019615,14.8021601082,1.7176683252,6.3160493146,1
893,1393,27.5187535903,14.8281117371,4.0764880819,4.3260232539,1
894,1394,27.5729021268,14.8822602736,3.7485741360,1.2299214152,1
895,1395,27.5925931645,14.9019513113,2.9965493579,1.5972919703,0
896,1396,27.6153699843,14.9247281311,6.0500213949,1.9539467517,1
897,1397,27.6305105563,14.9398687030,8.0547327849,6.9027832951,0
898,1398,27.6692262105,14.9785843573,3.4794545578,2.6407164508,1
899,1399,27.6742619326,14.9836200794,7.5136564355,8.4135862937,0
900,1400,27.6834830137,14.9928411605,7.2904853725,2.8724032621,0
901,1401,27.6851822263,14.9945403731,2.7778503199,9.3404488720,0
902,1402,27.7184014017,15.0277595484,6.9281259006,8.5850401368,0
903,1403,27.7298126014,15.0391707481,9.7134511774,7.9531989776,0
904,1404,27.7356420529,15.0450001996,4.9991577928,5.4205716005,1
905,1405,27.7434918131,15.0528499599,5.0957223892,0.9896633200,1
906,1406,27.7576651929,15.0670233397,7.5091467182,2.4193342366,0
907,1407,27.8174492149,15.1268073617,7.0000334360,7.2067865421,0
908,1408,27.8187699718,15.1281281185,1.5417992871,8.7849547790,0
909,1409,27.8291701787,15.1385283255,3.1871906460,9.1663150146,0
910,1410,27.8466726125,15.1560307592,0.8906211309,4.6192119250,1
911,1411,27.8499478959,15.1593060427,3.7733576999,4.8011552931,1
912,1412,27.8533787887,15.1627369354,1.0467876593,9.7041636652,0
913,1413,27.8896532989,15.1990114457,8.5649361452,6.3576618749,0
914,1414,27.8947917181,15.2041498649,7.9090477954,6.7494532175,0
915,1415,27.9177712330,15.2271293798,4.6024272193,0.0264809155,1
916,1416,27.9920040035,15.3013621503,8.4500425126,8.7116728681,0
917,1417,28.0753549956,15.3847131423,1.8476290512,9.5693441519,0
918,1418,28.0901680820,15.3995262287,1.8151136449,2.1219948407,0
919,1419,28.0972289544,15.4065871011,3.9545949801,6.0988450931,1
920,1420,28.1166889815,15.4260471282,0.1375575222,1.9561070202,0
921,1421,28.1348789402,15.4442370869,8.7223570166,7.1780021821,0
922,1422,28.1590108074,15.4683689541,7.0487063886,2.9336365606,0
923,1423,28.1608324162,15.4701905629,1.7093197514,2.2265009828,0
924,1424,28.1848910897,15.4942492365,4.6599138861,5.1772582569,1
925,1425,28.1886373719,15.4979955187,9.3660099851,2.3088608619,0
926,1426,28.2021127306,15.5114708773,8.1253320563,5.7104623904,0
927,1427,28.2093642665,15.5187224133,1.2208152610,6.8570194697,0
928,1428,28.2179099930,15.5272681398,9.8156560725,1.2378885084,0
929,1429,28.2272260188,15.5365841656,5.6309716524,1.5882286357,1
930,1430,28.2352772766,15.5446354234,4.5682368656,2.5801278122,1
931,1431,28.2605568843,15.5699150310,8.8995918343,3.0241637109,0
932,1432,28.2660442409,15.5754023877,6.6104666907,8.1658996276,1
933,1433,28.3252034083,15.6345615550,3.3086363120,3.0948703090,0
934,1434,28.3264418071,15.6357999538,2.0730204227,5.8742148037,1
935,1435,28.3338900660,15.6432482127,3.9613436541,9.3782495556,1
936,1436,28.3498031994,15.6591613461,2.5233010809,8.6734433107,0
937,1437,28.3777810202,15.6871391670,2.9905600375,2.8745075509,0
938,1438,28.3949720697,15.7043302164,3.6638991310,0.2824334988,1
939,1439,28.4281642457,15.7375223924,3.7169856774,0.5993494118,1
940,1440,28.4411722627,15.7505304094,5.0261874660,6.0989995393,1
941,1441,28.4718256040,15.7811837508,0.9201896327,8.3624739617,0
942,1442,28.4768691446,15.7862272913,2.1466597003,9.9773503932,0
943,1443,28.4854093117,15.7947674584,3.7765869498,5.3117681765,1
944,1444,28.4954955717,15.8048537184,7.7045156357,8.7331936205,0
945,1445,28.4975481449,15.8069062916,6.9826291305,3.5493913085,0
946,1446,28.5402929740,15.8496511207,4.0371454091,9.2100043764,1
947,1447,28.5570230579,15.8663812046,1.6678976992,2.7429124574,0
948,1448,28.5614451495,15.8708032963,1.5411777478,4.4869259427,1
949,1449,28.5701575008,15.8795156476,5.6625692928,9.2684908740,1
950,1450,28.6026818407,15.9120399875,5.4885649138,6.7409265196,1
951,1451,28.6400134244,15.9493715711,2.6650047187,5.2838847512,1
952,1452,28.6480505408,15.9574086875,4.9714564647,3.8485190523,1
953,1453,28.6578924455,15.9672505922,4.0960543229,0.2748970919,1
954,1454,28.6625487538,15.9719069006,0.2117322034,3.8355735343,1
955,1455,28.6736187990,15.9829769457,6.4289088417,6.7558862319,1
956,1456,28.6806157246,15.9899738714,6.6489820786,0.6526569676,1
957,1457,28.6813028995,15.9906610463,0.9835390823,1.6713491232,0
958,1458,28.6839902382,15.9933483850,1.5429255597,4.5211363671,1
959,1459,28.7227823313,16.0321404780,3.7247903888,7.1441060138,1
960,1460,28.7746705337,16.0840286804,7.5673534806,2.2521532964,0
961,1461,28.8484951526,16.1578532994,8.7645138427,0.8885182832,0
962,1462,28.8493950805,16.1587532272,5.8504826158,3.9684693920,1
963,1463,28.8583373038,16.1676954505,0.5921725999,6.6183587683,1
964,1464,28.8680965196,16.1774546664,7.3846789466,3.6161421161,0
965,1465,28.8908112534,16.2001694002,6.7500009027,2.6495239139,0
966,1466,28.9771474970,16.2865056437,8.3889830581,3.7791783933,0
967,1467,28.9797706815,16.2891288283,1.2307206437,4.0516295500,1
968,1468,28.9963082348,16.3056663816,0.9962594288,9.8385138681,0
969,1469,29.0185987607,16.3279569075,9.3566031580,9.7702553915,0
970,1470,29.1143555348,16.4237136815,1.8374205824,3.2076698013,0
971,1471,29.1402506785,16.4496088253,3.8270726895,3.8247820900,1
972,1472,29.1669864821,16.4763446289,6.4708556451,3.4666144202,1
973,1473,29.1812576211,16.4906157678,2.0584233552,3.8742821076,1
974,1474,29.1894014364,16.4987595832,2.0690501276,6.9349353139,0
975,1475,29.1974282545,16.5067864012,6.3899524353,3.4656204072,1
976,1476,29.2127502130,16.5221083598,2.3784179333,7.6366219053,0
977,1477,29.2259491704,16.5353073171,5.6346112264,2.9012418415,1
978,1478,29.2317334860,16.5410916328,7.4207513992,6.7574955303,0
979,1479,29.2536334970,16.5629916438,1.0401612792,0.3870066870,0
980,1480,29.2886101783,16.5979683250,2.7620561912,1.6312614134,0
981,1481,29.3139601671,16.6233183139,6.4333256827,0.2788006434,1
982,1482,29.3279760813,16.6373342281,1.6629543157,2.2673158610,0
983,1483,29.3419254494,16.6512835961,8.8714823119,6.9576577080,0
984,1484,29.3487510499,16.6581091967,2.5899664998,6.8889344610,0
985,1485,29.3599128729,16.6692710196,7.4720874726,4.0352312358,0
986,1486,29.3803527622,16.6897109090,5.8849902471,1.4275777272,1
987,1487,29.3903188219,16.6996769686,6.5489287992,1.7623014689,1
988,1488,29.4010768269,16.7104349736,2.7041114044,3.2999684150,0
989,1489,29.4354208288,16.7447789755,8.0628295613,0.1612727979,0
990,1490,29.4539446859,16.7633028327,6.4998877237,6.1737863315,1
991,1491,29.4558617411,16.7652198879,9.8182031773,9.3317487916,0
992,1492,29.4996762623,16.8090344090,7.4766283519,9.3699278499,0
993,1493,29.5403373153,16.8496954620,3.6085789861,1.9352758820,1
994,1494,29.5457246156,16.8550827624,0.6157034849,4.9245573991,1
995,1495,29.5464741805,16.8558323272,7.1462831650,5.1274656153,0
996,1496,29.5785358707,16.8878940175,9.7557192146,3.2065313045,0
997,1497,29.5910968365,16.9004549833,2.8946323770,5.8287327461,1
998,1498,29.6201493049,16.9295074517,3.2637267894,7.7440264097,0
999,1499,29.6277094307,16.9370675775,0.5896037896,2.8505469582,0
1000,1500,29.6455434435,16.9549015903,8.7898770826,3.3195155305,0
