analysis_death_index,raw_death_index,raw_death_time,time_since_burnin,x,y
1,501,63.3884477304,0.0210013984,1.1382886214,6.8723018194
2,502,63.4429959775,0.0755496454,4.0637388810,4.9083039816
3,503,63.5931595362,0.2257132041,4.7979496967,7.5647249635
4,504,63.5976772231,0.2302308911,8.7223922978,5.7009089921
5,505,63.9499740400,0.5825277080,8.0538563427,7.3246977136
6,506,63.9667757646,0.5993294325,8.5518262108,7.2243984918
7,507,64.0901106585,0.7226643265,6.2965524437,3.9040073743
8,508,64.2366279731,0.8691816410,8.8832320746,4.7395797611
9,509,64.6395548519,1.2721085198,2.8928140288,5.0911811493
10,510,64.7531594409,1.3857131088,5.4915429921,7.4889772065
11,511,64.8231890499,1.4557427179,2.5228089893,2.0566640305
12,512,64.8277325474,1.4602862153,4.8728815807,5.0950574511
13,513,64.8985514142,1.5311050822,1.9006292252,3.1670680676
14,514,64.9212952292,1.5538488971,8.1201407516,5.5431969932
15,515,64.9332481772,1.5658018452,1.1977513783,6.3143384445
16,516,65.0365502623,1.6691039303,0.8761393083,2.3224519698
17,517,65.2933519148,1.9259055828,9.2285964876,8.2634072776
18,518,65.3171519519,1.9497056199,8.2880067769,2.6922943186
19,519,65.5873604542,2.2199141221,9.2264389612,2.3877320020
20,520,65.7688321108,2.4013857787,7.7242541040,3.0732282914
21,521,65.8117669305,2.4443205984,8.7352465888,7.7780638651
22,522,65.8850515058,2.5176051738,5.5616382338,1.8772503567
23,523,65.9257301812,2.5582838492,8.0291848248,2.1702314595
24,524,65.9669363295,2.5994899975,0.9473801099,8.3142803980
25,525,66.0526200484,2.6851737163,9.0780334454,1.0109754738
26,526,66.0767567663,2.7093104343,5.5269900266,4.5471080435
27,527,66.1062733072,2.7388269751,8.5262580733,9.0898855826
28,528,66.2522877986,2.8848414665,8.8360517891,7.3596963891
29,529,66.3646809435,2.9972346114,3.6330482098,4.4015885184
30,530,66.4676285256,3.1001821935,7.3370625659,4.6610338532
31,531,66.7006418000,3.3331954679,2.5097627898,1.7715883888
32,532,66.8046198141,3.4371734820,8.8244233411,0.9980832883
33,533,67.1592626037,3.7918162717,4.7854628262,7.7574378643
34,534,67.5103011347,4.1428548026,6.4392681079,6.2070742192
35,535,67.5721698839,4.2047235518,9.4343697249,0.6390702058
36,536,67.6973644557,4.3299181236,9.4258866289,5.3130651205
37,537,67.7333227162,4.3658763841,6.5817981297,6.9254419834
38,538,67.7717164221,4.4042700901,9.3520843151,7.0274042719
39,539,67.8251702576,4.4577239255,8.2183317584,5.7622343320
40,540,67.9962628627,4.6288165307,8.7749750558,3.4905031872
41,541,68.1307578571,4.7633115250,9.2617421164,1.7890553894
42,542,68.2731827776,4.9057364455,8.5073628000,4.7386386718
43,543,68.5038615885,5.1364152564,7.5416986825,8.9285560846
44,544,68.5181019933,5.1506556612,9.7967358094,1.0870176314
45,545,68.8632452031,5.4957988710,9.9862648557,3.0680165164
46,546,69.0778558149,5.7104094829,9.4994445392,4.1927337554
47,547,69.2537069038,5.8862605717,8.3059844699,3.9392991801
48,548,69.3790557017,6.0116093696,5.1334320115,9.8560271875
49,549,70.1509747939,6.7835284618,9.6475633014,3.0858168110
50,550,70.1725051843,6.8050588523,8.5618832719,0.9688783499
51,551,70.6078625049,7.2404161728,8.3183796318,4.8208598838
52,552,70.6249500597,7.2575037277,7.4657478518,5.5177583461
53,553,73.2433466827,9.8759003506,0.3527285865,8.5691057928
54,554,74.0847396173,10.7172932853,2.8261772424,1.2876001348
55,555,74.8796862946,11.5122399625,0.3757024042,8.8659637260
56,556,75.1629972707,11.7955509387,8.0787418203,4.9088584098
57,557,75.2191817731,11.8517354410,4.2856405262,2.1305962192
58,558,75.2997730303,11.9323266982,4.7715740619,0.6734854556
59,559,75.3374806290,11.9700342970,8.0922130185,4.2390263561
60,560,75.5123408160,12.1448944839,9.3195672341,7.4321888997
61,561,75.6137232063,12.2462768743,8.1603616600,3.1859353220
62,562,75.6974587349,12.3300124028,5.4789045510,4.4773875855
63,563,75.7082321842,12.3407858522,8.8577341581,0.8871318353
64,564,75.7308068047,12.3633604726,3.4346304132,4.7260247389
65,565,75.7516126370,12.3841663049,8.8940111540,4.3306595302
66,566,75.8147740771,12.4473277450,8.1076604454,3.0406594317
67,567,75.9064282478,12.5389819158,9.8576426620,1.0621001378
68,568,76.0248561554,12.6574098233,7.4019293788,5.9604881130
69,569,76.0901401499,12.7226938178,4.7344179627,3.6824205921
70,570,76.1399790639,12.7725327318,2.2919217996,6.6538579184
71,571,76.6097869544,13.2423406223,6.0603369304,1.2928196237
72,572,77.0449108450,13.6774645129,8.0060433189,2.1640421327
73,573,77.0696879870,13.7022416549,0.9665300877,4.8272104185
74,574,77.2822570460,13.9148107140,0.0233575366,2.6000848345
75,575,77.4460842594,14.0786379274,5.2846464738,6.8700199526
76,576,78.1781598393,14.8107135073,4.3919504971,6.9255016913
77,577,78.2133474966,14.8459011645,1.3917081635,0.9158824750
78,578,78.3138407896,14.9463944575,5.1377718207,5.9552128988
79,579,78.6536608360,15.2862145039,6.5090556698,7.5053755050
80,580,78.6866547871,15.3192084550,8.9827624744,3.4471651542
81,581,78.7696156138,15.4021692817,5.0083889453,1.9575461804
82,582,79.0174426776,15.6499963456,4.5184789892,9.2355983762
83,583,79.1300059806,15.7625596485,5.9192322329,4.1347169319
84,584,79.5752234759,16.2077771438,6.2930889311,2.3597424666
85,585,80.1602917748,16.7928454427,2.5667431425,3.4569980073
86,586,80.2704842758,16.9030379437,4.0763531019,2.5611850834
87,587,80.2754794927,16.9080331606,7.2985628867,0.3170379961
88,588,80.5787862645,17.2113399325,9.8640612196,0.5217340550
89,589,80.6193922780,17.2519459460,5.4425877330,5.6874695944
90,590,80.7341677610,17.3667214289,4.8194216347,1.3646306637
91,591,80.7604025527,17.3929562206,6.8620708276,0.0698593519
92,592,81.0064355274,17.6389891953,4.7200372179,8.2803595672
93,593,81.1602998228,17.7928534908,1.6972151104,3.6786990418
94,594,81.2144672357,17.8470209036,7.0278783174,2.4236872184
95,595,81.4008900455,18.0334437135,5.1842480743,9.2383999299
96,596,81.5336216602,18.1661753281,1.1899824420,9.5535608003
97,597,81.5848707557,18.2174244236,6.0562055129,4.3274828697
98,598,81.6066153609,18.2391690288,3.3975674455,4.1454456952
99,599,81.6529426965,18.2854963644,9.6278940508,2.3651891097
100,600,81.6626428767,18.2951965446,0.8821552864,6.6131914256
101,601,81.8552702329,18.4878239009,3.3639460459,3.3568211804
102,602,81.9438505259,18.5764041939,0.5714518479,8.3787845289
103,603,81.9969231246,18.6294767926,8.7051306640,0.0961294459
104,604,82.1492718508,18.7818255188,4.2800550591,9.9077937703
105,605,82.7935321724,19.4260858404,5.5025160966,3.4638417503
106,606,82.8529000155,19.4854536834,1.8137971697,4.7776625863
107,607,83.0820846582,19.7146383262,1.4759910505,2.3180034801
108,608,83.5309768369,20.1635305048,0.2542072226,5.0214822647
109,609,83.8436287714,20.4761824393,0.4585745833,0.2840534589
110,610,84.1941123331,20.8266660011,6.3621967240,0.9798149088
111,611,84.6276718685,21.2602255365,7.2660510908,3.0556241970
112,612,84.7830918171,21.4156454850,5.5366753678,0.3173357062
113,613,84.8863733290,21.5189269969,8.0297555051,5.2392733601
114,614,85.2234554353,21.8560091033,4.9315282348,2.7723338700
115,615,85.3436979232,21.9762515911,2.1001216574,9.5545498590
116,616,85.3908380837,22.0233917516,2.8389788141,2.9001565413
117,617,85.5713979284,22.2039515964,4.8386315939,6.6015295307
118,618,85.9306964747,22.5632501426,2.1960620324,2.9995686745
119,619,86.0370316105,22.6695852784,8.8965475956,2.8730816343
120,620,86.5731202554,23.2056739233,8.4850919916,2.0492662748
121,621,86.6032448840,23.2357985520,9.2276658430,2.3639726834
122,622,87.1052614358,23.7378151038,7.8449966273,2.3246826005
123,623,87.5590601918,24.1916138597,8.5859897445,1.5944867776
124,624,87.8045162201,24.4370698880,9.3976098141,3.4295816622
125,625,88.2828366630,24.9153903309,8.8453840956,4.7369401729
126,626,88.4281941210,25.0607477889,0.3726593796,3.7456272769
127,627,88.9224285200,25.5549821880,3.1897666494,6.1313816219
128,628,89.4876843476,26.1202380155,0.0529778141,6.4941715054
129,629,90.0804360897,26.7129897577,1.5130148414,3.9829727352
130,630,90.4134659304,27.0460195984,0.4020275743,7.3801690968
131,631,90.6583664065,27.2909200744,0.8703896086,0.5606974286
132,632,91.6310175676,28.2635712355,3.2961618189,2.3563323826
133,633,92.2554856921,28.8880393600,4.2014839179,1.3282507885
134,634,92.5887946572,29.2213483251,2.8103550745,6.9741478565
135,635,92.6882394190,29.3207930869,3.5959618652,4.9182800031
136,636,93.3193443452,29.9518980131,0.6409096469,1.0581008172
137,637,93.3860112460,30.0185649139,5.3237142843,1.7644753066
138,638,93.9755951547,30.6081488226,2.4222535123,6.6042703745
139,639,93.9869288757,30.6194825436,0.3737676602,8.3339257460
140,640,94.0658204084,30.6983740763,1.2367632726,6.6417598700
141,641,94.0794331942,30.7119868622,2.1493149971,8.6549898355
142,642,94.2401840687,30.8727377366,5.1821070632,7.1067935606
143,643,94.2500461497,30.8825998177,1.7607034472,3.5482192022
144,644,94.5337017891,31.1662554570,5.7464651613,6.2280948952
145,645,94.7197952411,31.3523489090,6.9540753907,5.0216534438
146,646,94.9625590066,31.5951126745,4.1113422451,6.9396851804
147,647,95.5925668111,32.2251204791,1.9102467289,1.2933813213
148,648,95.6406354215,32.2731890895,9.2648875110,7.4328568055
149,649,95.7530587174,32.3856123853,4.1804603254,2.8655474729
150,650,95.9424667728,32.5750204407,7.0658642625,3.4615404721
151,651,96.0339320447,32.6664857127,9.6306649256,9.5666476428
152,652,96.3156809733,32.9482346412,9.2485089396,8.4404419905
153,653,96.6946310061,33.3271846740,9.1754599863,7.5098884228
154,654,96.9997551087,33.6323087766,6.9208052091,9.5204430613
155,655,97.2120251109,33.8445787788,9.6667244405,8.1492357654
156,656,97.2335842448,33.8661379128,1.9363438255,2.4926373017
157,657,97.4733670994,34.1059207673,2.1926283573,6.4047128974
158,658,97.4982115660,34.1307652339,7.6998134628,7.1516328758
159,659,97.5046125760,34.1371662440,3.8012628854,3.1042964795
160,660,97.8156609492,34.4482146172,2.4507989528,3.4343392031
161,661,97.8805892194,34.5131428874,5.4139041872,2.5919441389
162,662,97.9044239463,34.5369776142,2.5230765455,1.6499796273
163,663,98.3732451907,35.0057988587,7.2197815624,7.3440417031
164,664,98.4776117534,35.1101654213,4.9590547715,2.5148480965
165,665,98.7898766911,35.4224303591,6.3302217076,1.6431771009
166,666,98.8225786253,35.4551322932,5.0944899210,6.0047562741
167,667,99.0064710216,35.6390246895,9.0708517355,8.9794792770
168,668,99.0742028772,35.7067565451,9.5598113000,8.3053705439
169,669,99.2218235006,35.8543771686,9.2668232332,7.3936153098
170,670,99.3666492469,35.9992029149,6.2251490183,3.7067662975
171,671,99.4426268436,36.0751805115,8.7044823121,7.9524371011
172,672,100.2799252476,36.9124789155,5.8263819954,1.7818955155
173,673,100.4053341096,37.0378877775,7.7886142484,5.5548061294
174,674,100.7910657280,37.4236193959,3.3773761703,8.8962041448
175,675,100.7981042173,37.4306578853,5.3392168711,2.5921719292
176,676,101.0317855507,37.6643392186,1.8805096557,9.3105133631
177,677,101.2230750677,37.8556287356,6.9616115890,3.3549907159
178,678,101.2600776921,37.8926313600,9.2352293092,0.8247332923
179,679,101.3050063881,37.9375600561,1.0331551876,3.8475460632
180,680,101.5674216921,38.1999753600,2.6629736160,9.9370465527
181,681,101.6078695707,38.2404232386,1.4229041096,4.0905836018
182,682,101.7050838538,38.3376375217,7.7004272435,7.3125434523
183,683,101.7958646762,38.4284183441,2.6301168779,3.2406395127
184,684,101.8306800030,38.4632336710,6.5509161631,1.9731562298
185,685,101.8797496735,38.5123033414,8.9203819615,0.7438092227
186,686,101.9771476043,38.6097012722,5.3207971567,0.6850029910
187,687,102.1243861726,38.7569398406,6.3723488830,8.1355751295
188,688,102.2147348085,38.8472884765,1.5751311699,3.3830713164
189,689,102.3838671597,39.0164208277,4.1486321347,7.8459112257
190,690,102.4279867567,39.0605404247,5.2548126233,6.2590357522
191,691,102.5025569653,39.1351106332,0.2501473806,3.5217310339
192,692,103.0309347124,39.6634883803,7.1333179460,2.4909901519
193,693,103.3745666442,40.0071203121,8.9889038875,3.6955892357
194,694,103.4657220680,40.0982757359,5.6181747823,7.3636191882
195,695,103.4803490739,40.1129027418,4.5718301442,1.8439553443
196,696,103.6420464321,40.2746001001,7.8712835011,4.6430523249
197,697,103.7333480090,40.3659016770,6.2566540776,6.5189006246
198,698,103.7408168919,40.3733705598,8.1181941954,8.7749619334
199,699,103.8922486593,40.5248023272,2.6990216535,5.1873792483
200,700,104.1138679665,40.7464216345,8.0940772205,4.5207233479
