analysis_death_index,raw_death_index,raw_death_time,time_since_burnin,x,y,in_T_zone
1,501,14.0534010837,0.0167757272,3.2295900116,1.6581218454,0
2,502,14.0767940838,0.0401687273,2.9182311955,5.8892322906,1
3,503,14.1005978217,0.0639724652,1.4815748377,0.4093924878,0
4,504,14.1053090628,0.0686837062,3.1122160142,8.3605787094,0
5,505,14.1166900475,0.0800646910,9.5374174968,9.7477795940,0
6,506,14.1691733210,0.1325479644,3.7530048291,1.9542882019,1
7,507,14.1791783036,0.1425529471,5.1045238840,0.2078125887,1
8,508,14.1957244106,0.1590990540,0.1585503082,8.7834435166,0
9,509,14.2048007892,0.1681754327,1.6927289799,8.9499575158,0
10,510,14.2316898604,0.1950645038,1.9104780033,2.8973177178,0
11,511,14.2497175486,0.2130921920,0.7463263328,8.3243000794,0
12,512,14.3061037514,0.2694783948,9.6751786724,6.8404326624,0
13,513,14.3185769724,0.2819516158,8.8572146635,2.3107594212,0
14,514,14.4751274412,0.4385020846,4.8013024718,5.2318278214,1
15,515,14.4885890977,0.4519637411,4.0421934052,5.7356961705,1
16,516,14.5252760119,0.4886506554,2.3713498059,9.7412286804,0
17,517,14.5423111029,0.5056857463,4.0907870544,4.2523032737,1
18,518,14.5553143715,0.5186890149,2.8060907509,3.2238705419,0
19,519,14.5908156837,0.5541903271,5.1796801566,6.8906450202,1
20,520,14.6088509678,0.5722256112,9.1665857306,2.2225192533,0
21,521,14.6212991909,0.5846738344,9.6587795863,9.8814825565,0
22,522,14.6775761035,0.6409507469,4.3815563608,0.3435370357,1
23,523,14.6858718686,0.6492465121,5.1656564612,4.6816818445,1
24,524,14.6906315122,0.6540061556,4.3679298510,6.5444049959,1
25,525,14.7096443662,0.6730190097,9.7266070427,6.4657180771,0
26,526,14.7143424699,0.6777171133,0.6379258806,9.1682947966,0
27,527,14.7186869540,0.6820615975,2.8752436691,8.4399068754,0
28,528,14.7247585642,0.6881332077,9.0327486542,7.8464801910,0
29,529,14.7749389272,0.7383135707,1.1093181788,8.8110818381,0
30,530,14.7817823894,0.7451570328,6.4878741436,1.1959073688,1
31,531,14.8178354413,0.7812100848,8.4415525523,9.7665860255,0
32,532,14.8363022208,0.7996768643,6.4579778398,3.6559831383,1
33,533,14.8417985472,0.8051731907,6.2932398024,2.7839725982,1
34,534,14.8675140582,0.8308887017,8.2565468019,4.0978954884,0
35,535,14.8945350986,0.8579097421,9.3809456310,3.6959863895,0
36,536,14.9137412374,0.8771158808,0.2622979063,5.5670743336,1
37,537,14.9243955198,0.8877701632,5.7635498876,6.7054763989,1
38,538,14.9361046863,0.8994793297,8.5745526992,4.1038150515,0
39,539,15.1148423526,1.0782169961,5.8476945929,2.3155150529,1
40,540,15.1167299999,1.0801046434,2.8743190282,8.7985930798,0
41,541,15.1534696552,1.1168442986,3.5450020444,7.7928892205,1
42,542,15.1583164219,1.1216910654,1.4495921797,6.6457924020,1
43,543,15.1713104592,1.1346851027,3.2622463166,8.4210225682,0
44,544,15.2149728125,1.1783474559,4.9136223767,4.2264341572,1
45,545,15.2349266699,1.1983013133,6.6013708197,5.4392827967,1
46,546,15.2430845437,1.2064591871,7.7370810198,5.8228960863,0
47,547,15.2484602620,1.2118349054,1.4120000229,5.3976879514,1
48,548,15.2662935599,1.2296682033,1.5677546176,9.9360045132,0
49,549,15.2666852454,1.2300598888,8.6341475243,8.2399571200,0
50,550,15.2755578960,1.2389325394,8.1716879709,4.8952614840,0
51,551,15.3020796544,1.2654542979,8.0012880094,1.2068893209,0
52,552,15.3145617714,1.2779364149,1.1253373233,7.4533429670,0
53,553,15.3211944692,1.2845691127,6.4583853107,9.7252888836,1
54,554,15.3612638316,1.3246384751,9.0258035393,4.5598802460,0
55,555,15.4363168607,1.3996915041,9.3409548578,2.4604749703,0
56,556,15.4440702265,1.4074448699,5.4828770260,4.5318195816,1
57,557,15.5467960458,1.5101706892,2.1818520444,8.3959130105,0
58,558,15.6121141395,1.5754887829,8.0768125898,6.2617832261,0
59,559,15.6341408169,1.5975154603,6.0970857317,0.7841582022,1
60,560,15.6498952867,1.6132699302,3.4723569791,6.2135564072,1
61,561,15.6796106626,1.6429853060,3.5340966085,9.3712494219,1
62,562,15.6915392105,1.6549138540,1.3813692839,8.9577963744,0
63,563,15.7014578974,1.6648325409,9.6746949127,1.2020471849,0
64,564,15.7257745211,1.6891491645,3.6040825721,6.7794216659,1
65,565,15.7977171806,1.7610918240,9.9425527363,6.7006844941,0
66,566,15.8191574700,1.7825321134,7.7173627256,2.1750196752,0
67,567,15.8572235207,1.8205981641,6.0585899478,8.5752861999,1
68,568,15.8608292652,1.8242039086,1.1150325935,6.2761557638,1
69,569,15.8644059155,1.8277805589,8.1670262476,6.1876549323,0
70,570,15.8721529854,1.8355276289,0.6315501691,0.3455926978,0
71,571,15.9102195087,1.8735941522,4.4481438334,5.4774474937,1
72,572,15.9288504470,1.8922250904,5.8559456885,1.2749142150,1
73,573,15.9402977632,1.9036724066,4.0113583283,9.0679783271,1
74,574,16.0794102198,2.0427848632,7.8092868441,0.4867878083,0
75,575,16.0912327925,2.0546074359,7.2148397275,2.0822380015,0
76,576,16.0916261791,2.0550008225,5.3234202855,3.7929472694,1
77,577,16.0994760032,2.0628506467,5.4605350570,3.9723663802,1
78,578,16.1087655677,2.0721402112,4.4162479056,1.8051738921,1
79,579,16.1185637368,2.0819383802,8.6475824313,0.2483568501,0
80,580,16.1303591603,2.0937338038,7.5904087545,5.8361655557,0
81,581,16.1374339877,2.1008086311,7.7241255372,2.9057312986,0
82,582,16.1406336775,2.1040083210,0.8189905369,4.1704224467,1
83,583,16.1649345292,2.1283091726,5.9351734506,1.3484808683,1
84,584,16.1966580929,2.1600327364,4.4928202401,4.6240880792,1
85,585,16.2171448776,2.1805195210,9.8897016287,9.2252173227,0
86,586,16.2223669441,2.1857415875,5.7503599913,5.0448233181,1
87,587,16.2318290743,2.1952037178,0.3138934926,9.7482461840,0
88,588,16.2394920224,2.2028666659,9.1794183782,8.4387603206,0
89,589,16.2524610393,2.2158356827,0.6914203441,5.6157583025,1
90,590,16.2714474386,2.2348220821,2.7679425328,1.6036402804,0
91,591,16.3091597012,2.2725343446,0.4482554547,0.1537528170,0
92,592,16.3250364285,2.2884110720,0.6960677319,6.5706417061,1
93,593,16.3375224057,2.3008970492,5.9860537596,0.0175636048,1
94,594,16.3481350136,2.3115096570,3.3227943748,4.3475575334,1
95,595,16.3615489279,2.3249235713,1.0908936085,2.8736820654,0
96,596,16.4204949522,2.3838695956,9.8548763005,8.0132005518,0
97,597,16.4314281769,2.3948028204,1.8217197543,6.0458449863,1
98,598,16.4452418399,2.4086164833,2.3609418999,1.3371121950,0
99,599,16.5105202821,2.4738949255,2.5887731077,4.8681723380,1
100,600,16.5234019628,2.4867766062,1.0611308542,1.4623497058,0
101,601,16.6296484865,2.5930231299,7.3196309242,6.3293645455,0
102,602,16.6437362141,2.6071108576,8.6374147226,2.7825027389,0
103,603,16.6704715550,2.6338461985,4.7111879992,9.9332388803,1
104,604,16.6790640546,2.6424386980,7.4032964303,8.7204031718,0
105,605,16.7089484835,2.6723231270,0.9606686119,1.2569355773,0
106,606,16.7450380872,2.7084127307,3.9333816632,8.9587197112,1
107,607,16.7604435357,2.7238181792,8.5226034730,6.5793909944,0
108,608,16.7680696690,2.7314443124,3.5812121057,3.1776017222,1
109,609,16.8035787235,2.7669533670,6.9847730799,2.6386944851,0
110,610,16.8296916222,2.7930662656,9.4729565237,1.7683306437,0
111,611,16.8308687382,2.7942433816,5.3351434484,9.4396922084,1
112,612,16.8406647006,2.8040393441,6.2262741249,8.8807565254,1
113,613,16.8504606206,2.8138352640,8.0581584813,9.6982606236,0
114,614,16.8859095755,2.8492842189,1.1258777535,7.0985091016,0
115,615,16.9635158642,2.9268905077,5.9440749159,3.4259798070,1
116,616,16.9993365668,2.9627112102,2.7382607782,9.9242563754,0
117,617,17.0115361494,2.9749107928,0.4176256628,5.9196765550,1
118,618,17.0472693934,3.0106440368,0.8263887605,2.2799187862,0
119,619,17.0481600727,3.0115347161,9.5488233034,5.3941549444,0
120,620,17.0637711844,3.0271458278,6.9294825010,5.4380038474,0
121,621,17.0960560912,3.0594307347,0.2861641837,1.9502243582,0
122,622,17.1102842369,3.0736588803,6.7180368511,0.2593287454,0
123,623,17.1149696457,3.0783442891,0.4964073797,2.7027397965,0
124,624,17.1320053407,3.0953799841,0.1108249156,0.7272832308,0
125,625,17.1383282282,3.1017028716,7.1887091512,5.3224508471,0
126,626,17.1403228867,3.1036975302,4.2896551263,7.4115348160,1
127,627,17.1418260466,3.1052006900,4.1920366418,8.2416524413,1
128,628,17.1669669612,3.1303416046,1.5435741353,7.0341371933,0
129,629,17.1887009180,3.1520755614,6.2839599268,4.2544533806,1
130,630,17.1993524754,3.1627271188,3.1126500509,4.0135693969,1
131,631,17.2100561806,3.1734308240,8.8384747270,3.1205187488,0
132,632,17.2248693695,3.1882440129,0.4379535299,2.3903614839,0
133,633,17.2355094495,3.1988840929,3.3500125475,6.1529936035,1
134,634,17.2681152047,3.2314898481,8.7342338613,9.4472533280,0
135,635,17.2698679058,3.2332425492,0.1349225513,1.7267786816,0
136,636,17.3066954925,3.2700701359,0.7166486654,6.5653140332,1
137,637,17.3193828633,3.2827575068,7.4534773803,0.2862608269,0
138,638,17.3476036504,3.3109782938,7.4390585933,7.4790488958,0
139,639,17.3479828813,3.3113575248,0.6204540615,2.9571255486,0
140,640,17.3963262603,3.3597009038,7.6477924134,7.1336236701,0
141,641,17.4116996591,3.3750743026,4.3097200941,7.4414922002,1
142,642,17.4346847681,3.3980594115,4.7648681988,5.1938153342,1
143,643,17.4382431948,3.4016178382,8.2812656094,1.4673517567,0
144,644,17.4541941431,3.4175687865,4.2163878167,4.5010535284,1
145,645,17.4835186169,3.4468932604,9.0886835841,7.4924690906,0
146,646,17.4883388433,3.4517134867,9.5324383510,0.5686106355,0
147,647,17.5250218786,3.4883965220,4.7400044580,8.7413126571,1
148,648,17.5620194722,3.5253941156,6.9606086119,7.6636032821,0
149,649,17.5939950966,3.5573697400,1.5015979433,2.2421760664,0
150,650,17.6418093088,3.6051839523,3.4444250139,4.7113671960,1
151,651,17.6501720698,3.6135467133,9.0336420549,3.1950787815,0
152,652,17.6520480820,3.6154227254,0.0278608983,6.7568564763,0
153,653,17.7141292155,3.6775038590,8.9322945257,9.5895231974,0
154,654,17.7328096198,3.6961842633,6.0219089257,9.7354600899,1
155,655,17.7429673036,3.7063419470,7.4514168869,8.2722460245,0
156,656,17.7561030658,3.7194777092,3.5824109560,8.9179313721,1
157,657,17.7825381680,3.7459128114,0.4792511350,4.0947416731,1
158,658,17.8001018986,3.7634765421,7.4131686573,9.5059730104,0
159,659,17.8087674517,3.7721420951,3.9395143466,4.1441743731,1
160,660,17.8093966745,3.7727713179,3.4038108603,1.9465392240,1
161,661,17.8231853450,3.7865599884,1.1654246613,0.4936118614,0
162,662,17.8382012260,3.8015758694,4.8729346047,6.4706442439,1
163,663,17.8428597767,3.8062344201,2.1173156309,2.7062082426,0
164,664,17.8440408909,3.8074155343,3.6775274393,8.4412285147,1
165,665,17.8790908244,3.8424654679,4.6572780289,6.0479533965,1
166,666,17.8893783083,3.8527529517,1.1925608082,7.1149830959,0
167,667,17.9299615231,3.8933361666,3.2395615231,7.8916206782,0
168,668,17.9646152568,3.9279899002,4.7466558085,0.5350017838,1
169,669,17.9776014691,3.9409761126,3.5188506147,8.1149823388,1
170,670,17.9794161192,3.9427907627,5.7666116267,3.5273858299,1
171,671,18.0212781127,3.9846527562,8.4977868463,7.5794356077,0
172,672,18.0379164520,4.0012910954,9.8402203283,9.5072196469,0
173,673,18.0434676329,4.0068422763,7.1273171818,4.8161278853,0
174,674,18.0435008287,4.0068754721,6.6497936839,4.3070284947,1
175,675,18.1525112883,4.1158859318,4.5097770829,2.8580780789,1
176,676,18.1963525766,4.1597272200,6.9708432998,9.5888970548,0
177,677,18.2077286426,4.1711032860,1.8906154669,3.9856212353,1
178,678,18.2309592209,4.1943338644,0.4586296835,5.1501076863,1
179,679,18.2641777978,4.2275524413,3.3001504037,8.3498599524,0
180,680,18.2724152844,4.2357899278,9.4252990434,2.3075729624,0
181,681,18.3466083083,4.3099829517,2.0096287678,5.7965945453,1
182,682,18.3645898090,4.3279644524,4.8393058554,8.8896205263,1
183,683,18.3733348319,4.3367094753,1.0643647140,6.2195416408,1
184,684,18.3790538948,4.3424285382,6.3228902677,8.6541630544,1
185,685,18.3796358852,4.3430105286,3.3984317396,8.9819955963,1
186,686,18.3802037867,4.3435784301,9.1558549804,9.2519201593,0
187,687,18.3919291277,4.3553037712,6.1930785441,0.0253459866,1
188,688,18.4089134964,4.3722881399,6.6422084073,3.8127396682,1
189,689,18.4170555160,4.3804301595,8.7368202941,6.7345222860,0
190,690,18.4675029122,4.4308775556,6.6142656268,0.7399029048,1
191,691,18.4698707583,4.4332454018,1.1732885526,4.8589241655,1
192,692,18.4832405991,4.4466152426,9.1177231266,7.8469903688,0
193,693,18.4865516139,4.4499262574,2.8348412284,8.4107538803,0
194,694,18.4914434318,4.4548180752,9.4745143595,2.7437750761,0
195,695,18.4957200952,4.4590947387,7.8327866525,4.4864752731,0
196,696,18.4975551876,4.4609298311,1.5846569230,6.6496349802,1
197,697,18.5082237956,4.4715984390,8.3536808393,8.1655720197,0
198,698,18.5215784012,4.4849530446,9.5261630972,0.9071454710,0
199,699,18.5734252232,4.5367998666,9.8432979035,6.3565482845,0
200,700,18.5957187361,4.5590933796,0.0399894474,7.0594722409,0
201,701,18.5962004518,4.5595750952,9.1910281507,4.4335444547,0
202,702,18.6001568238,4.5635314672,9.2317605961,8.7551557651,0
203,703,18.6143608293,4.5777354728,7.7788894017,9.0707312820,0
204,704,18.6441568887,4.6075315321,8.4433967085,9.4984222255,0
205,705,18.6636544002,4.6270290436,8.9935924059,3.4819352743,0
206,706,18.6894784338,4.6528530772,2.7197707382,7.2162159059,0
207,707,18.7610956462,4.7244702896,0.3035665735,6.5666268910,1
208,708,18.7868140492,4.7501886926,4.4288331515,3.6250352827,1
209,709,18.7910577716,4.7544324151,7.5259033390,7.9975890043,0
210,710,18.8190304224,4.7824050659,8.0075397099,6.5640525942,0
211,711,18.8428525535,4.8062271969,8.4778507494,3.8728631478,0
212,712,18.8432270549,4.8066016983,2.2058328617,4.2269200605,1
213,713,18.8465686476,4.8099432910,9.7493057053,8.9806884167,0
214,714,18.8601041998,4.8234788433,7.0066899351,9.3082106942,0
215,715,18.8628127303,4.8261873738,3.5543734283,8.0522138852,1
216,716,18.8706469098,4.8340215532,9.5383705141,1.8469333322,0
217,717,18.8794588724,4.8428335158,4.6725714906,9.0882384846,1
218,718,18.8929163430,4.8562909864,7.9666106538,2.1603755855,0
219,719,18.9228304138,4.8862050573,5.8463877274,7.5145146610,1
220,720,18.9271357954,4.8905104389,6.4899383316,6.0548169514,1
221,721,18.9315868225,4.8949614660,5.3588406971,8.5722901013,1
222,722,18.9432110426,4.9065856860,9.7191424869,7.9668104075,0
223,723,18.9555401600,4.9189148034,7.2481076072,9.9702528429,0
224,724,18.9558308233,4.9192054667,7.1652300891,5.5400120092,0
225,725,18.9736612405,4.9370358840,2.7044571594,6.7088918469,0
226,726,18.9737686972,4.9371433407,1.0274614355,0.9109306169,0
227,727,18.9760000302,4.9393746737,5.8720464008,9.4101487698,1
228,728,18.9854058462,4.9487804896,0.3996759214,5.5659761279,1
229,729,19.0034538415,4.9668284850,9.6818097101,8.9501387028,0
230,730,19.0053175677,4.9686922112,6.9783933867,7.6672193340,0
231,731,19.0180039446,4.9813785880,3.4318621369,7.1222904650,1
232,732,19.0197275209,4.9831021643,6.8440862086,7.1307111848,0
233,733,19.0272208427,4.9905954862,9.2668760006,6.8254388126,0
234,734,19.0389071831,5.0022818265,8.0127883651,5.4506064971,0
235,735,19.0436761970,5.0070508404,1.7157863616,2.2022759982,0
236,736,19.0618455913,5.0252202347,0.9272050193,4.5321257621,1
237,737,19.0622730414,5.0256476848,5.3610661140,2.0689080262,1
238,738,19.0700413033,5.0334159468,0.2127563757,8.6091545480,0
239,739,19.0703508862,5.0337255297,8.6284095069,2.5963478748,0
240,740,19.0828465496,5.0462211930,6.8041668169,3.5408783076,0
241,741,19.1195051912,5.0828798346,3.4111221470,0.3238850051,1
242,742,19.1219531552,5.0853277987,8.8865032835,4.8710051958,0
243,743,19.1410735017,5.1044481452,4.7825746012,5.0266691262,1
244,744,19.1704318919,5.1338065353,1.7016997021,1.2907738065,0
245,745,19.2183179063,5.1816925497,1.9417316266,9.0769752868,0
246,746,19.2234305077,5.1868051512,3.2713168603,6.6540128294,1
247,747,19.2257311016,5.1891057450,4.8943692719,9.6354113168,1
248,748,19.2372908641,5.2006655076,4.2095491187,6.2716435224,1
249,749,19.2502483218,5.2136229652,9.9854995154,0.1244173121,0
250,750,19.3267987527,5.2901733962,6.5840723996,5.2508987882,1
251,751,19.3290346740,5.2924093174,6.6126718299,6.3043409626,1
252,752,19.3440507740,5.3074254175,1.2585790789,5.1674555953,1
253,753,19.4018495660,5.3652242095,2.2148841522,6.5434679163,1
254,754,19.4288397103,5.3922143537,3.8998583175,4.0562571198,1
255,755,19.4702526244,5.4336272678,0.0249002446,7.3079504627,0
256,756,19.4735980887,5.4369727321,7.9320920757,2.7361397506,0
257,757,19.4914709040,5.4548455475,1.2508205083,8.0293428255,0
258,758,19.4929265444,5.4563011879,6.2319298233,6.7040606428,1
259,759,19.5023579502,5.4657325937,0.5887738929,0.1726880465,0
260,760,19.5741610235,5.5375356669,7.7988818517,6.9377000013,0
261,761,19.5862432530,5.5496178964,3.9728561824,5.7950803781,1
262,762,19.5885214408,5.5518960842,8.2082955198,8.1881534204,0
263,763,19.5943452116,5.5577198550,3.1180018576,8.9752983093,0
264,764,19.6159278928,5.5793025362,1.8778143419,3.7711757123,1
265,765,19.6230053771,5.5863800205,8.6760438102,2.4067881263,0
266,766,19.6353937446,5.5987683880,5.1807031951,1.4553905862,1
267,767,19.6422169929,5.6055916363,5.7236594062,1.9082236934,1
268,768,19.6452863711,5.6086610146,0.3240564983,2.8618271490,0
269,769,19.6494320506,5.6128066940,3.6038265101,3.4704469785,1
270,770,19.6501268107,5.6135014542,5.9575295708,9.5595674305,1
271,771,19.6844864340,5.6478610775,5.7436756905,0.3153884341,1
272,772,19.7051664822,5.6685411256,2.9241435094,4.9391946076,1
273,773,19.7451533295,5.7085279729,6.8864118357,2.5360141244,0
274,774,19.7532666404,5.7166412838,0.7527570528,7.3234391666,0
275,775,19.7872298487,5.7506044921,6.5058083811,1.8028586725,1
276,776,19.7940308483,5.7574054918,3.1345286629,7.6260175415,0
277,777,19.8056659648,5.7690406082,0.5969428002,4.9459671864,1
278,778,19.8397545153,5.8031291587,5.3748970287,6.9058766626,1
279,779,19.8634451013,5.8268197447,4.6953529895,8.4827319154,1
280,780,19.8701535948,5.8335282383,2.6870513665,7.7906089563,0
281,781,19.9067725869,5.8701472303,5.1144486213,6.9395607673,1
282,782,19.9698700799,5.9332447234,6.2169381316,7.6106273743,1
283,783,19.9834012326,5.9467758761,6.0757772049,4.1151696528,1
284,784,19.9846523844,5.9480270278,5.3242083086,8.6841833493,1
285,785,20.0123357838,5.9757104273,6.7416714580,4.9668580693,0
286,786,20.0412427265,6.0046173700,9.3473353391,0.5826775122,0
287,787,20.0491470441,6.0125216875,8.1509646784,0.3500435255,0
288,788,20.1353272322,6.0987018756,1.0336785793,9.2836156619,0
289,789,20.1541336357,6.1175082792,2.9461976515,3.1079847865,0
290,790,20.1850410765,6.1484157200,7.1824093153,0.0782988930,0
291,791,20.2017599367,6.1651345802,6.4139096566,7.7342212217,1
292,792,20.2018498365,6.1652244799,4.3723943632,7.7065767609,1
293,793,20.2106318703,6.1740065138,3.4754281519,8.3208111012,1
294,794,20.2434962447,6.2068708881,9.8476908888,2.2192100350,0
295,795,20.2553321141,6.2187067576,5.2738772248,3.7856140691,1
296,796,20.2637989971,6.2271736406,9.8941229305,2.8493440580,0
297,797,20.3477395887,6.3111142321,1.4552440508,4.4473725942,1
298,798,20.4015132739,6.3648879174,8.4050843102,0.8890112978,0
299,799,20.4159949291,6.3793695725,5.9035814639,9.7681763599,1
300,800,20.4277233911,6.3910980346,4.3424572309,0.6471299565,1
301,801,20.4360926199,6.3994672634,7.3493080386,7.7073402372,0
302,802,20.4556398196,6.4190144631,4.4591087086,4.8264009681,1
303,803,20.4667888839,6.4301635274,0.2846614655,3.5963962128,1
304,804,20.4727044692,6.4360791126,4.1534912403,0.7143877217,1
305,805,20.6187506393,6.5821252827,3.7048344917,5.3907201633,1
306,806,20.6739633959,6.6373380393,9.7117547250,8.4485128623,0
307,807,20.6849377831,6.6483124266,6.5524884642,6.4637530006,1
308,808,20.7602234280,6.7235980715,2.2015487339,0.0026469323,0
309,809,20.9037720035,6.8671466470,0.1577516546,5.4469850325,1
310,810,20.9205126481,6.8838872915,0.0270852283,3.6497100411,1
311,811,20.9502920978,6.9136667412,7.0912846770,2.8952222108,0
312,812,20.9611543991,6.9245290426,9.4806867329,8.4652278089,0
313,813,20.9645408030,6.9279154464,9.5102054976,8.3306036365,0
314,814,21.0314047297,6.9947793731,6.5254984542,7.4009600325,1
315,815,21.0351785560,6.9985531994,2.0289933735,2.8418371738,0
316,816,21.0585843137,7.0219589571,0.2965132138,4.8476708142,1
317,817,21.1320214940,7.0953961374,1.7323309605,6.0118299572,1
318,818,21.1523836634,7.1157583068,8.9976772391,1.1404304427,0
319,819,21.1766759942,7.1400506376,9.9082770673,1.8729854508,0
320,820,21.1809253653,7.1443000088,2.3800656292,0.9911264567,0
321,821,21.2037637063,7.1671383497,8.6809665520,1.1485985463,0
322,822,21.2408625819,7.2042372253,3.6877682943,1.6474814248,1
323,823,21.2611045828,7.2244792262,1.0352130555,0.0843662563,0
324,824,21.3396111533,7.3029857967,1.8780519321,0.9177306696,0
325,825,21.3592778134,7.3226524568,6.0682767413,2.2458135304,1
326,826,21.4060255331,7.3694001765,9.6313009429,8.5680699573,0
327,827,21.4062590829,7.3696337263,2.7956535570,4.8171269636,1
328,828,21.4813916151,7.4447662585,0.1495264138,7.8136653771,0
329,829,21.5196016306,7.4829762740,4.1251642681,0.7306343187,1
330,830,21.5278059721,7.4911806155,7.2350405628,7.9439146121,0
331,831,21.5471762201,7.5105508636,6.8458386968,1.1836751351,0
332,832,21.5556827172,7.5190573607,3.5830760998,5.2143265242,1
333,833,21.5764197473,7.5397943908,8.5746796887,0.0735052016,0
334,834,21.5855586003,7.5489332437,5.8985798916,6.0348377154,1
335,835,21.5861438416,7.5495184850,9.5143470443,0.2688790884,0
336,836,21.6489630724,7.6123377158,9.6126237152,7.5148586082,0
337,837,21.7275361467,7.6909107901,4.3361261207,1.3988552883,1
338,838,21.7468278486,7.7102024921,6.8654231705,5.7195835964,0
339,839,21.7684894095,7.7318640529,8.7554844550,2.2834285448,0
340,840,21.7821331321,7.7455077756,6.9014175952,8.8865527831,0
341,841,21.9021679236,7.8655425670,3.8012928924,1.0341890440,1
342,842,21.9478463722,7.9112210156,8.1402733288,0.0806781698,0
343,843,22.0010756349,7.9644502783,3.8448588001,2.4936557969,1
344,844,22.0226063958,7.9859810392,7.8280783158,2.9130759909,0
345,845,22.0337019678,7.9970766113,8.7672956683,2.3567413417,0
346,846,22.0658556672,8.0292303107,0.3845377364,8.9508367993,0
347,847,22.1193828561,8.0827574995,0.6663043571,0.2201991253,0
348,848,22.1867182121,8.1500928555,8.5756099462,2.4316868441,0
349,849,22.2502472430,8.2136218865,1.5177837970,0.6052374171,0
350,850,22.3839554666,8.3473301100,0.8406973139,4.7532329703,1
351,851,22.4704939509,8.4338685943,1.7279964791,5.4579192416,1
352,852,22.4936111919,8.4569858354,2.6973165147,1.0741467594,0
353,853,22.5234768959,8.4868515393,3.3888635429,0.0651977295,1
354,854,22.5274746560,8.4908492994,0.8051962012,9.9099940999,0
355,855,22.5749216476,8.5382962911,1.6842060400,4.6619262770,1
356,856,22.6454758319,8.6088504753,6.7259430203,9.9758349176,0
357,857,22.7306951011,8.6940697446,0.5200874328,6.4753492053,1
358,858,22.7637054119,8.7270800553,7.8098667519,8.5175657741,0
359,859,22.7928694852,8.7562441286,3.7995122002,3.1508246788,1
360,860,22.7988351902,8.7622098337,8.6094276690,8.0059806426,0
361,861,22.8074625435,8.7708371869,6.8246190661,2.4522866062,0
362,862,22.9063425314,8.8697171749,0.7731324336,5.1442231446,1
363,863,22.9398180482,8.9031926916,6.0320277609,5.4235765753,1
364,864,22.9453081509,8.9086827944,9.8062593560,9.0281028391,0
365,865,23.0186877828,8.9820624263,8.8845489055,9.5125678370,0
366,866,23.0409576268,9.0043322702,2.4793482851,5.3848531447,1
367,867,23.0481204946,9.0114951380,3.9462938851,3.8278415467,1
368,868,23.0601584900,9.0235331335,0.7825134585,5.9888328456,1
369,869,23.0845047471,9.0478793905,9.6825000867,7.1251133104,0
370,870,23.1078362597,9.0712109031,8.9827620477,8.6082645295,0
371,871,23.1108029579,9.0741776013,1.1621442382,6.6789400411,0
372,872,23.1593238966,9.1226985401,8.0391946772,7.4611487510,0
373,873,23.1615943823,9.1249690257,8.6008942760,0.7888718359,0
374,874,23.1957653580,9.1591400014,9.0979856478,2.6401184550,0
375,875,23.2235484011,9.1869230445,6.8991661590,6.2823014546,0
376,876,23.2561619778,9.2195366212,7.7475054243,7.0223065812,0
377,877,23.3385633291,9.3019379726,2.6269185564,6.6898485414,0
378,878,23.3433974951,9.3067721385,1.4605937868,4.4449048655,1
379,879,23.3730055926,9.3363802361,1.1611852656,0.8672991342,0
380,880,23.3870113602,9.3503860036,1.5483477687,9.7803619384,0
381,881,23.4280852108,9.3914598542,3.1841306409,7.1054701230,0
382,882,23.4320664476,9.3954410910,9.1632785590,9.1771434989,0
383,883,23.4433524055,9.4067270490,3.7062209576,9.9870883531,1
384,884,23.5108688347,9.4742434781,7.8317682609,6.0860830840,0
385,885,23.5629331818,9.5263078252,9.0521342618,4.1977961869,0
386,886,23.5838584628,9.5472331063,4.2023293932,3.3752275852,1
387,887,23.5874622038,9.5508368473,8.9745589446,3.3255293211,0
388,888,23.5909439981,9.5543186415,8.1102301927,3.9279487979,0
389,889,23.6161173466,9.5794919901,1.6831261852,8.6023982935,0
390,890,23.6317912097,9.5951658532,2.8730273828,5.9286276681,1
391,891,23.6350992756,9.5984739191,0.1383881032,8.1492434413,0
392,892,23.6693597723,9.6327344157,4.1276001291,2.0987022521,1
393,893,23.6968170797,9.6601917232,8.8528993377,8.0883430839,0
394,894,23.7025789089,9.6659535523,3.6374028831,0.1758694478,1
395,895,23.7035701435,9.6669447869,1.4713279240,8.8906437306,0
396,896,23.7183394940,9.6817141374,0.3251436303,2.5547618342,0
397,897,23.7525409088,9.7159155522,3.6643520361,5.2297565166,1
398,898,23.7624219961,9.7257966396,1.6694518976,7.2296012917,0
399,899,23.8639672364,9.8273418799,5.7830570494,6.8681030839,1
400,900,23.8958293147,9.8592039581,9.0938667949,6.9360093453,0
401,901,23.9066063947,9.8699810382,3.5042641960,6.8754641423,1
402,902,23.9078776511,9.8712522946,1.7159333406,5.0568594931,1
403,903,23.9214372564,9.8848118999,8.2154358342,1.7760657523,0
404,904,23.9302045118,9.8935791552,8.9784457530,5.4669332062,0
405,905,23.9653850975,9.9287597410,2.8286562513,9.0915019020,0
406,906,23.9657777445,9.9291523879,9.5584284102,5.7711152342,0
407,907,23.9688196266,9.9321942701,9.8284181148,2.7897930902,0
408,908,24.0147767106,9.9781513540,4.8349734469,8.1251479104,1
409,909,24.0596287295,10.0230033730,9.7017922473,1.4895937285,0
410,910,24.0821207254,10.0454953688,0.1805420619,8.1682970354,0
411,911,24.0835010215,10.0468756649,4.9598298469,6.0936542998,1
412,912,24.0865445188,10.0499191622,0.8027999132,5.9033589609,1
413,913,24.1035475458,10.0669221893,3.1920878422,4.1905736162,1
414,914,24.1159791485,10.0793537919,9.7440257379,8.3320542576,0
415,915,24.2043207345,10.1676953780,5.4327820248,4.8531917060,1
416,916,24.2379161463,10.2012907897,6.6554135268,3.1944343824,1
417,917,24.2428294396,10.2062040830,0.3879260622,3.6877674988,1
418,918,24.2432993561,10.2066739995,7.0007146534,5.8497025098,0
419,919,24.2628445056,10.2262191491,1.8326885424,7.3648251658,0
420,920,24.2735338093,10.2369084528,6.7575211128,9.0867858327,0
421,921,24.3406688932,10.3040435366,6.6420992401,5.8905796338,1
422,922,24.3604707783,10.3238454217,1.8050536599,7.1709035513,0
423,923,24.3935071157,10.3568817591,9.2308782821,8.5144422735,0
424,924,24.4106865418,10.3740611853,7.5692063544,8.4605115322,0
425,925,24.4376974725,10.4010721159,6.8423774472,1.3267028292,0
426,926,24.4513722538,10.4147468973,4.0730957466,5.2609837911,1
427,927,24.4892581783,10.4526328217,6.7722873321,3.9920129971,0
428,928,24.5012038952,10.4645785386,8.8564839494,0.1165928049,0
429,929,24.5331665918,10.4965412352,8.0788290834,5.0178919636,0
430,930,24.6231213906,10.5864960340,7.3304159881,8.2751770213,0
431,931,24.6297560362,10.5931306796,8.8085617518,3.1051872399,0
432,932,24.6851053729,10.6484800163,1.9132760224,6.0440171865,1
433,933,24.6994764185,10.6628510619,4.5205602563,0.7862400670,1
434,934,24.7417433276,10.7051179711,1.0018856097,5.4074540684,1
435,935,24.7658611376,10.7292357810,0.2620646880,2.8798197792,0
436,936,24.7682797813,10.7316544248,4.9542329009,9.6785266922,1
437,937,24.7713201170,10.7346947604,7.3190633385,9.5369800551,0
438,938,24.7848697502,10.7482443937,0.2193452653,3.7771284616,1
439,939,24.7948874461,10.7582620895,7.2000324292,4.1424634449,0
440,940,24.8052654032,10.7686400467,3.7083178014,6.8931197884,1
441,941,24.8409486382,10.8043232817,6.4997092028,9.3775488261,1
442,942,24.8623960805,10.8257707239,2.3658349253,6.1326638758,1
443,943,24.8644270352,10.8278016787,0.7299525394,5.3227144798,1
444,944,24.9116739327,10.8750485762,2.1649498463,7.1818627030,0
445,945,24.9250905244,10.8884651678,7.2948652215,5.6577561563,0
446,946,24.9753120450,10.9386866885,4.0522811437,7.3209147819,1
447,947,24.9835701922,10.9469448357,5.0320223846,8.2308114047,1
448,948,25.0002011831,10.9635758266,1.9473666330,4.8581384487,1
449,949,25.0124492529,10.9758238963,8.7410861047,6.7393344694,0
450,950,25.0492840638,11.0126587072,4.4467321999,8.0316277883,1
451,951,25.0896673725,11.0530420160,2.0723181689,3.7801651322,1
452,952,25.0984190909,11.0617937343,5.9856487923,4.6005525247,1
453,953,25.1228993777,11.0862740211,2.0205017479,5.1032574445,1
454,954,25.1649701246,11.1283447681,5.7984027581,4.7649473806,1
455,955,25.1888197211,11.1521943645,1.4748755665,5.3678875665,1
456,956,25.2675964342,11.2309710776,8.8552344663,9.9041133850,0
457,957,25.3088913503,11.2722659937,3.1608426652,6.0241422056,1
458,958,25.3444690361,11.3078436796,6.4393542823,0.3718511456,1
459,959,25.3687627469,11.3321373903,3.6482774386,3.9625926461,1
460,960,25.3750618464,11.3384364898,5.7138332731,2.7143738015,1
461,961,25.4252896016,11.3886642451,3.0973038381,3.5487636836,1
462,962,25.4282622765,11.3916369200,8.0150837758,8.6532582503,0
463,963,25.4349785050,11.3983531484,2.4613748671,2.8376936994,0
464,964,25.5533383455,11.5167129889,9.8415607285,7.0837017037,0
465,965,25.5586747824,11.5220494258,8.4660790766,6.4796136493,0
466,966,25.6618928845,11.6252675279,6.7106622643,0.2449691775,0
467,967,25.7562976420,11.7196722854,1.9676214533,3.7532153611,1
468,968,25.7590911703,11.7224658137,1.6797497769,2.9745381061,0
469,969,25.7988056912,11.7621803346,2.9350380092,8.9065430199,0
470,970,25.9088698561,11.8722444995,0.0759489798,8.2306583678,0
471,971,25.9547850289,11.9181596723,0.8188978677,3.1987620526,0
472,972,26.0239665835,11.9873412269,2.6064152440,7.3989839458,0
473,973,26.0808521920,12.0442268354,6.4145845617,9.8025321368,1
474,974,26.0883378996,12.0517125430,6.1827348330,9.7416821221,1
475,975,26.0913381554,12.0547127989,2.1661670484,7.5183537666,0
476,976,26.1531316747,12.1165063182,6.4667180828,9.2319904170,1
477,977,26.1753077182,12.1386823616,1.0430418692,6.7131953935,0
478,978,26.1826961904,12.1460708339,5.5380979232,5.1163071424,1
479,979,26.2062118112,12.1695864546,9.5068817754,5.2487569737,0
480,980,26.2353692615,12.1987439050,1.8813560227,7.4053957673,0
481,981,26.2353779124,12.1987525558,8.7785541884,4.9905770353,0
482,982,26.2609358511,12.2243104945,2.4268127963,0.5772938311,0
483,983,26.3125466639,12.2759213074,8.4181706218,8.0069478776,0
484,984,26.3149861705,12.2783608139,9.6786108103,2.4227763132,0
485,985,26.3967847715,12.3601594149,9.7689542014,7.9738447739,0
486,986,26.4096840535,12.3730586970,6.8268958873,6.5964868155,0
487,987,26.4685737940,12.4319484374,8.6077694896,1.0922611534,0
488,988,26.4965588332,12.4599334766,8.6493802529,5.8094255978,0
489,989,26.4973313738,12.4607060173,0.0808802581,0.0957832140,0
490,990,26.5160164200,12.4793910635,5.8567832000,9.1306938690,1
491,991,26.5309807295,12.4943553729,9.9910501143,8.8854066042,0
492,992,26.5369049352,12.5002795786,8.7367351955,3.6525727224,0
493,993,26.5416442108,12.5050188542,3.3878601739,3.4139670447,1
494,994,26.5756900480,12.5390646914,6.9949169399,8.0612143348,0
495,995,26.5815347923,12.5449094358,9.5486878510,2.5549662421,0
496,996,26.5854003638,12.5487750072,3.4495332671,6.6122485326,1
497,997,26.5887744003,12.5521490437,9.0812926222,4.6172197536,0
498,998,26.5965177923,12.5598924358,8.8793834156,8.7515583082,0
499,999,26.6221949971,12.5855696405,9.8766436729,2.9716269322,0
500,1000,26.6437303420,12.6071049854,2.8827672611,3.6082619186,1
501,1001,26.6541727087,12.6175473522,3.6362610624,9.7983420633,1
502,1002,26.6619067636,12.6252814071,4.7314423322,4.7757035281,1
503,1003,26.7331339852,12.6965086286,1.2367395035,5.4945075125,1
504,1004,26.7365304260,12.6999050694,3.1829461464,5.7334939196,1
505,1005,26.7577403689,12.7211150123,3.5104890956,4.9256405938,1
506,1006,26.7608716738,12.7242463173,3.6734268429,3.6944862053,1
507,1007,26.7989971599,12.7623718034,2.3473716182,6.9673559211,0
508,1008,26.8098056048,12.7731802482,2.6120343699,1.7424305846,0
509,1009,26.8434322618,12.8068069052,7.6564766846,2.0901743510,0
510,1010,26.8521586018,12.8155332452,9.8254698597,8.2673102871,0
511,1011,26.8874398980,12.8508145415,7.8181649948,8.9747900964,0
512,1012,26.9193203369,12.8826949803,7.3006502163,8.1043492303,0
513,1013,26.9262064501,12.8895810935,6.4462096402,4.6422043412,1
514,1014,26.9337260827,12.8971007261,8.7839239171,9.5638595354,0
515,1015,26.9643772791,12.9277519226,7.1219625175,7.3852759820,0
516,1016,26.9763646869,12.9397393304,6.6752944723,6.0120209143,0
517,1017,26.9939918624,12.9573665059,5.1160256754,0.7336373311,1
518,1018,27.0420167790,13.0053914225,6.0288465967,7.2790235989,1
519,1019,27.0526481582,13.0160228017,7.1844694841,8.5550391201,0
520,1020,27.0669602221,13.0303348656,8.6164713739,7.9108208431,0
521,1021,27.0785447331,13.0419193765,9.8862422215,5.3040904467,0
522,1022,27.1073703386,13.0707449820,1.9360059893,6.1608443446,1
523,1023,27.1081958767,13.0715705202,7.1776581999,9.1984028493,0
524,1024,27.1323081711,13.0956828145,8.5814366579,6.9476680542,0
525,1025,27.1744054004,13.1377800439,3.7001363535,4.9858189335,1
526,1026,27.1841170021,13.1474916456,5.0913546995,3.0961298268,1
527,1027,27.2213594703,13.1847341137,0.9748480527,0.5646969349,0
528,1028,27.2239713218,13.1873459652,3.5680745560,1.2440389357,1
529,1029,27.2360926867,13.1994673302,5.2498724933,2.5945636067,1
530,1030,27.2552103107,13.2185849541,3.8215203779,2.2264287615,1
531,1031,27.2842238874,13.2475985309,9.2480486921,5.7547828499,0
532,1032,27.2850098989,13.2483845424,1.4866176340,5.1827550614,1
533,1033,27.2930144549,13.2563890983,4.3244703884,9.8769510493,1
534,1034,27.2980621803,13.2614368238,8.8442107835,0.4746678843,0
535,1035,27.3012739310,13.2646485745,9.8087895807,0.7212392016,0
536,1036,27.3427050022,13.3060796457,9.9632011791,0.9250919726,0
537,1037,27.3564503516,13.3198249951,2.6979627672,5.5154674524,1
538,1038,27.4793727006,13.4427473440,7.8462937424,5.3801399953,0
539,1039,27.4849878002,13.4483624436,6.0171541186,6.4225744898,1
540,1040,27.5582537133,13.5216283567,3.1653282552,2.6223552301,0
541,1041,27.6218091224,13.5851837659,8.9109041479,4.3274222413,0
542,1042,27.6218417562,13.5852163997,9.7056684145,6.0959591195,0
543,1043,27.7283399843,13.6917146278,5.5832923641,9.6424106559,1
544,1044,27.7494149048,13.7127895482,6.1991060259,1.7465803461,1
545,1045,27.7596855373,13.7230601807,3.7952067208,8.4057595349,1
546,1046,27.7883711324,13.7517457758,7.5596574871,4.0787175151,0
547,1047,27.8201654416,13.7835400851,4.2325802012,1.1683908934,1
548,1048,27.8595674783,13.8229421218,4.6965400421,9.6918780322,1
549,1049,27.8740509288,13.8374255722,9.0293496996,0.8453488617,0
550,1050,27.8811601683,13.8445348118,5.1212660410,4.9304925314,1
551,1051,27.8912797971,13.8546544405,0.4828133852,1.1581003039,0
552,1052,27.8935344304,13.8569090738,3.2706268533,0.2873510275,0
553,1053,27.8989480668,13.8623227103,1.9256003884,6.7697377039,0
554,1054,27.9018326047,13.8652072481,7.9570295350,4.6897838906,0
555,1055,27.9127819113,13.8761565547,9.5856944910,6.9085767219,0
556,1056,27.9199728734,13.8833475168,8.8561906272,5.3230527584,0
557,1057,27.9518045768,13.9151792202,3.3022293604,1.2255344624,0
558,1058,27.9687978899,13.9321725333,8.2231802464,2.0118861997,0
559,1059,27.9709408736,13.9343155170,6.3143506665,0.6487548221,1
560,1060,28.0305509709,13.9939256144,8.3562159819,2.5108657986,0
561,1061,28.0327126491,13.9960872925,4.1351800270,3.6061986750,1
562,1062,28.0401309358,14.0035055792,6.0915146024,6.0382401945,1
563,1063,28.0864216301,14.0497962735,7.4342076099,2.4672410702,0
564,1064,28.0918780293,14.0552526727,4.8191959439,1.0949737458,1
565,1065,28.1005442329,14.0639188764,8.9060698349,3.7860336040,0
566,1066,28.1273409273,14.0907155707,2.9837836455,2.6239745764,0
567,1067,28.1313064498,14.0946810932,5.0432563177,3.1219529809,1
568,1068,28.1878699531,14.1512445966,9.6086669550,3.7943475763,0
569,1069,28.2062537336,14.1696283770,6.1585007268,8.2837756835,1
570,1070,28.2120616329,14.1754362764,6.1356529995,0.0674422259,1
571,1071,28.2185409942,14.1819156377,5.7451954247,0.1518026244,1
572,1072,28.2553856561,14.2187602996,7.2084224524,1.5451860613,0
573,1073,28.2626345267,14.2260091702,5.1223444617,4.1603674180,1
574,1074,28.2730914603,14.2364661037,0.4516711060,4.6308845508,1
575,1075,28.2918969796,14.2552716230,1.9072215661,4.7056274083,1
576,1076,28.3135679397,14.2769425831,3.7221099491,4.2620936193,1
577,1077,28.3573701955,14.3207448389,9.1405425564,6.6837567200,0
578,1078,28.3631745323,14.3265491757,6.0219232474,2.5043474726,1
579,1079,28.3895906345,14.3529652780,3.8841285448,2.3370290936,1
580,1080,28.3898514025,14.3532260459,7.8161966384,7.0497725184,0
581,1081,28.3972842755,14.3606589190,0.6741383733,0.4961799510,0
582,1082,28.4146350861,14.3780097295,9.0555402852,7.7105884611,0
583,1083,28.4473123412,14.4106869846,6.6066014551,6.8889204519,1
584,1084,28.4924727670,14.4558474104,7.1529284465,0.3480912681,0
585,1085,28.4932221661,14.4565968095,1.3106093909,2.7267260416,0
586,1086,28.5055072157,14.4688818592,8.4746679057,2.8005231980,0
587,1087,28.5153015380,14.4786761814,8.0594625135,0.1086280358,0
588,1088,28.5511249571,14.5144996005,1.5971498438,4.0230385026,1
589,1089,28.5693792357,14.5327538791,7.8745714041,4.7080969205,0
590,1090,28.6066970991,14.5700717425,9.6961828470,1.6264590203,0
591,1091,28.6318781765,14.5952528199,2.5916906511,6.6734278205,0
592,1092,28.6762492085,14.6396238519,2.6755618628,2.9855025473,0
593,1093,28.6844380333,14.6478126767,5.8319673735,0.6364103682,1
594,1094,28.7389158651,14.7022905086,9.7355880570,4.6654928622,0
595,1095,28.7784687317,14.7418433751,2.8319480500,1.9237711152,0
596,1096,28.8286702347,14.7920448781,0.2983512534,2.3858376601,0
597,1097,28.8525150252,14.8158896686,8.8818698359,1.3798850467,0
598,1098,28.8621405796,14.8255152231,9.4058077375,0.8625072317,0
599,1099,28.8935117295,14.8568863730,5.7178618982,8.4534762131,1
600,1100,28.9577931711,14.9211678145,7.4812779340,5.3941074837,0
601,1101,28.9685991374,14.9319737809,0.6174735755,2.8745369116,0
602,1102,28.9807156756,14.9440903191,0.0117828082,2.4644026155,0
603,1103,29.0007696583,14.9641443017,7.1791413929,9.6434693227,0
604,1104,29.0138748328,14.9772494762,8.3800122607,8.7799115594,0
605,1105,29.0414742096,15.0048488530,1.2302527009,9.9332856656,0
606,1106,29.0508182911,15.0141929346,2.1104135549,7.3071732420,0
607,1107,29.0550932879,15.0184679313,4.5409497013,5.7894707957,1
608,1108,29.0739764845,15.0373511280,8.5247451574,0.5276295807,0
609,1109,29.0824722837,15.0458469271,1.0339925274,5.2763893150,1
610,1110,29.0848988405,15.0482734839,9.0118765292,0.0395524101,0
611,1111,29.1026734504,15.0660480939,0.2938603247,8.0165887012,0
612,1112,29.1885781635,15.1519528069,3.7672249868,6.2587739765,1
613,1113,29.1939570564,15.1573316999,5.3772428714,1.0387986027,1
614,1114,29.2020399081,15.1654145515,5.1928557957,5.7673774692,1
615,1115,29.2085059167,15.1718805602,1.0138707171,8.8230022597,0
616,1116,29.2161003522,15.1794749956,2.8183337857,5.9616881348,1
617,1117,29.2340602519,15.1974348954,9.8623350849,6.5358576906,0
618,1118,29.2394541021,15.2028287455,6.6044447416,1.3315742064,1
619,1119,29.2653991417,15.2287737852,6.5888348144,2.6314864072,1
620,1120,29.2782513206,15.2416259640,8.4725017701,1.1750038530,0
621,1121,29.2805026985,15.2438773420,3.0338923100,4.5803092893,1
622,1122,29.2809004886,15.2442751320,8.0532850086,5.6553382230,0
623,1123,29.3105841043,15.2739587477,0.7762647405,8.3463104701,0
624,1124,29.3502583260,15.3136329694,7.4198796082,3.1493062914,0
625,1125,29.3559855534,15.3193601969,5.0164773919,5.3193064065,1
626,1126,29.3881230314,15.3514976749,1.1299428773,9.6251037923,0
627,1127,29.4116820201,15.3750566635,4.2968518216,3.7989680034,1
628,1128,29.4840720884,15.4474467318,5.3122469826,1.6910816343,1
629,1129,29.5568112864,15.5201859298,5.5133769541,9.3309132501,1
630,1130,29.5767617973,15.5401364408,1.9303233053,4.4330190695,1
631,1131,29.5794195660,15.5427942094,9.9593636942,1.5937436148,0
632,1132,29.5874081541,15.5507827975,7.7967455059,2.7520090995,0
633,1133,29.5893617324,15.5527363758,4.8591865060,6.7647058631,1
634,1134,29.6437750520,15.6071496954,1.3878791332,5.5137255320,1
635,1135,29.6470603620,15.6104350054,6.8329031318,3.2258869524,0
636,1136,29.6645594975,15.6279341409,2.8825990351,5.2378179132,1
637,1137,29.6934254289,15.6568000724,5.8802570936,8.5530005721,1
638,1138,29.7817729641,15.7451476075,7.2259054919,3.3978660056,0
639,1139,29.8111016178,15.7744762613,6.4149918299,3.1542003158,1
640,1140,29.8140569617,15.7774316052,7.6769639759,4.3803757798,0
641,1141,29.8326102320,15.7959848755,0.5467192913,2.6692124278,0
642,1142,29.8366348393,15.8000094827,5.0292040110,3.4586713324,1
643,1143,29.9367053443,15.9000799878,8.3150130483,5.7237480084,0
644,1144,29.9607017073,15.9240763507,9.3740894528,7.4500331135,0
645,1145,29.9672732003,15.9306478438,7.8130114816,8.1991312306,0
646,1146,30.0020215302,15.9653961736,9.3236193448,7.9777389452,0
647,1147,30.0170354256,15.9804100691,2.1986516755,1.2302064339,0
648,1148,30.0512615880,16.0146362314,5.0206852974,0.1609733963,1
649,1149,30.0996797551,16.0630543985,9.6046873167,8.9885201867,0
650,1150,30.1230220877,16.0863967311,6.5246862571,6.8726586162,1
651,1151,30.1240983677,16.0874730112,5.9991253960,6.0655640995,1
652,1152,30.1625621031,16.1259367466,9.3981960441,7.0465503697,0
653,1153,30.1973178747,16.1606925181,9.3301368245,2.6144553633,0
654,1154,30.2306569185,16.1940315619,3.1785966032,3.1382171827,0
655,1155,30.2384115887,16.2017862321,3.9677194760,0.4714069677,1
656,1156,30.2503608633,16.2137355068,8.5162760640,1.1085750013,0
657,1157,30.2524560796,16.2158307230,8.9566114204,9.8560153337,0
658,1158,30.3012858877,16.2646605312,5.8917749800,8.0306350385,1
659,1159,30.3289423205,16.2923169640,9.2273039970,1.9244498564,0
660,1160,30.3431874917,16.3065621352,2.0320572679,9.7535999456,0
661,1161,30.3531672747,16.3165419181,1.7592437977,5.6320996140,1
662,1162,30.4401103619,16.4034850054,8.6944111424,7.7090646394,0
663,1163,30.5070347553,16.4704093987,1.3025808392,2.5285603290,0
664,1164,30.5095671715,16.4729418149,5.7811596546,4.8895308047,1
665,1165,30.5413404513,16.5047150947,8.7216134185,1.9263591345,0
666,1166,30.5529892352,16.5163638787,0.5900406318,3.4402511246,1
667,1167,30.5617523882,16.5251270317,8.2174611970,0.1150054923,0
668,1168,30.5689424994,16.5323171429,9.1034427695,0.3626839479,0
669,1169,30.5897499452,16.5531245887,8.1982595376,2.5508342827,0
670,1170,30.5926803986,16.5560550420,3.1808396198,8.3609171239,0
671,1171,30.6004399947,16.5638146382,5.8794087634,6.6303579612,1
672,1172,30.6016591804,16.5650338239,5.0789529401,0.0601792968,1
673,1173,30.6274739970,16.5908486404,4.2227447033,2.2126816156,1
674,1174,30.6300975058,16.5934721493,7.0820000862,1.3879889812,0
675,1175,30.6385864331,16.6019610766,9.2543674023,0.9646876495,0
676,1176,30.6578353927,16.6212100361,5.1362000109,7.2214001307,1
677,1177,30.6994585961,16.6628332395,3.8926944090,5.2158454664,1
678,1178,30.7018863834,16.6652610268,5.6794721451,3.4880307044,1
679,1179,30.7076367460,16.6710113895,6.3382871539,3.5426717544,1
680,1180,30.8129129233,16.7762875667,5.1787586799,0.5373729975,1
681,1181,30.8703928994,16.8337675429,2.7680821505,6.8575902049,0
682,1182,30.8824495486,16.8458241920,8.9039548873,8.8334539492,0
683,1183,30.8864827428,16.8498573862,9.4264420490,0.8528322208,0
684,1184,30.9003755109,16.8637501544,4.7468104925,3.6634924462,1
685,1185,30.9253389584,16.8887136018,7.1579558025,5.1218711799,0
686,1186,30.9336201118,16.8969947553,6.7116383106,4.0273364277,0
687,1187,30.9629719162,16.9263465597,9.3679377608,3.7077282292,0
688,1188,31.0450565946,17.0084312380,2.7322901364,0.4267620624,0
689,1189,31.0601723652,17.0235470086,9.6725340193,9.5926113529,0
690,1190,31.0750300300,17.0384046735,4.2064700824,2.7432632966,1
691,1191,31.1336793831,17.0970540266,9.4360753431,3.3561842849,0
692,1192,31.1370112014,17.1003858448,9.2932277750,9.6768719652,0
693,1193,31.1374958656,17.1008705090,8.5793531169,5.0505886919,0
694,1194,31.1667223434,17.1300969869,8.5488598956,6.4318448304,0
695,1195,31.1670187292,17.1303933727,2.3562143203,0.2419412052,0
696,1196,31.1830337631,17.1464084065,7.0883572007,1.0948073507,0
697,1197,31.2023698164,17.1657444598,5.8784567415,2.9202052434,1
698,1198,31.2330524879,17.1964271314,7.6428422281,2.3483489785,0
699,1199,31.2694747971,17.2328494405,2.2220650315,1.7817935749,0
700,1200,31.2964144338,17.2597890772,9.6053765354,6.6824134044,0
701,1201,31.3283084018,17.2916830452,6.1920552213,1.7050859790,1
702,1202,31.3482522241,17.3116268675,0.0587909784,7.1922200129,0
703,1203,31.3714006179,17.3347752613,7.9713292684,4.3150301745,0
704,1204,31.3772673494,17.3406419928,5.3320072262,1.0560333893,1
705,1205,31.3780729364,17.3414475799,9.1289279414,4.8296910426,0
706,1206,31.3983971137,17.3617717572,9.9551483845,9.3000978947,0
707,1207,31.4010637303,17.3644383737,9.4161011573,6.3148563420,0
708,1208,31.4205326430,17.3839072865,2.8174002116,1.6217048602,0
709,1209,31.4262227565,17.3895973999,6.7414444176,2.0420321564,0
710,1210,31.4726732003,17.4360478437,1.1799812672,6.6500381526,1
711,1211,31.4792166444,17.4425912878,8.6021610531,4.2918438042,0
712,1212,31.4887035350,17.4520781785,3.0748425823,9.3717595204,0
713,1213,31.5339747144,17.4973493579,2.8626436324,6.8621474691,0
714,1214,31.5465931962,17.5099678396,7.6530684277,6.5835003035,0
715,1215,31.5695134711,17.5328881146,8.3838531761,1.1233427549,0
716,1216,31.5759597182,17.5393343616,1.7771303400,2.9718592057,0
717,1217,31.5815547561,17.5449293995,1.3686270594,8.9622776671,0
718,1218,31.5881212043,17.5514958477,1.9001025592,2.3573165535,0
719,1219,31.5915261588,17.5549008022,4.0316624973,2.3942816067,1
720,1220,31.5936059321,17.5569805755,4.1525134829,3.0018671208,1
721,1221,31.6063619710,17.5697366144,2.8744992395,2.7096204720,0
722,1222,31.6255117655,17.5888864089,7.4140909852,2.0349945347,0
723,1223,31.6273094144,17.5906840578,0.6731280903,5.0804700351,1
724,1224,31.6296760981,17.5930507415,9.4244572004,8.8735480941,0
725,1225,31.6368772787,17.6002519222,3.7985549977,9.0645991788,1
726,1226,31.6589399775,17.6223146209,9.7333780799,2.5354957792,0
727,1227,31.6936906903,17.6570653338,1.7680144919,8.2081447498,0
728,1228,31.7070686019,17.6704432453,1.5329737806,1.4103186752,0
729,1229,31.7117897881,17.6751644315,6.1425504276,1.3544390560,1
730,1230,31.7417709796,17.7051456231,9.6774271365,7.2334342229,0
731,1231,31.7949244804,17.7582991238,8.2432855781,8.6282469889,0
732,1232,31.8724160194,17.8357906629,2.5622266019,1.5631748602,0
733,1233,31.8946554093,17.8580300528,7.3311503101,0.0355904725,0
734,1234,31.9373226816,17.9006973251,1.2959990637,8.1866871841,0
735,1235,31.9474211648,17.9107958083,6.9673815712,2.0382232343,0
736,1236,31.9662787166,17.9296533600,6.5796326795,0.2263780394,1
737,1237,31.9847568867,17.9481315301,1.7603941255,6.9548975606,0
738,1238,31.9870698155,17.9504444589,4.3746937700,0.2614243328,1
739,1239,32.0065013146,17.9698759581,7.1819222614,7.8193382964,0
740,1240,32.0174185634,17.9807932068,0.4647921638,1.5783460705,0
741,1241,32.0231677828,17.9865424262,9.7817961405,7.3440129640,0
742,1242,32.0450925919,18.0084672354,6.5528672344,9.6514452144,1
743,1243,32.0564944074,18.0198690508,2.2858136182,4.4429627200,1
744,1244,32.0679161531,18.0312907966,9.2695568805,8.4505128536,0
745,1245,32.1023873225,18.0657619660,2.2749676251,2.1219751790,0
746,1246,32.1175430847,18.0809177282,0.8022016647,1.5416464671,0
747,1247,32.1421762700,18.1055509134,5.7416897761,9.7693009456,1
748,1248,32.1532190017,18.1165936451,4.8307436815,3.4700335237,1
749,1249,32.1646320440,18.1280066875,1.7503138288,2.8046389210,0
750,1250,32.2548098356,18.2181844790,2.8183170676,7.7804962979,0
751,1251,32.3983517388,18.3617263822,7.2670679654,7.7383003146,0
752,1252,32.4839434898,18.4473181332,4.9750841417,3.4753221621,1
753,1253,32.4897248401,18.4530994835,5.7918413635,9.4560584405,1
754,1254,32.5257384967,18.4891131402,8.7115793451,6.2416797293,0
755,1255,32.5547531065,18.5181277499,0.8834817154,4.6366758064,1
756,1256,32.5612188435,18.5245934869,9.3709560319,5.9854194839,0
757,1257,32.5736068279,18.5369814714,0.5436204668,3.8424326095,1
758,1258,32.5977286876,18.5611033310,1.8275967844,4.0800836500,1
759,1259,32.6701615497,18.6335361932,2.3552784611,3.0544887994,0
760,1260,32.6704706975,18.6338453410,2.1015837487,7.8221606743,0
761,1261,32.7087870813,18.6721617248,1.3181135487,5.2840815476,1
762,1262,32.7204759384,18.6838505818,7.3188227703,9.9108144614,0
763,1263,32.7302464832,18.6936211266,0.7011301181,1.3023206915,0
764,1264,32.7885561590,18.7519308025,3.8465811859,3.5601772085,1
765,1265,32.7964629547,18.7598375982,8.2164916647,6.6862169054,0
766,1266,32.7987648361,18.7621394795,0.6840042781,6.4211392264,1
767,1267,32.8014112749,18.7647859183,3.3620550238,2.7619481498,1
768,1268,32.8128781891,18.7762528325,0.0281293404,9.1675225502,0
769,1269,32.8233938175,18.7867684610,2.6698485427,8.2385098560,0
770,1270,32.8316590083,18.7950336517,9.7197449398,8.8128679399,0
771,1271,32.8858398031,18.8492144465,9.3204387921,7.7979512966,0
772,1272,32.9150015880,18.8783762315,1.9276116446,7.9135284960,0
773,1273,32.9565698030,18.9199444464,7.4145300697,7.0677570107,0
774,1274,33.0065895666,18.9699642101,0.4332699763,5.6780549939,1
775,1275,33.0350611821,18.9984358255,2.8626714679,0.8550754771,0
776,1276,33.0664728442,19.0298474876,1.6015618871,9.3364442877,0
777,1277,33.1022747944,19.0656494379,6.8368881099,3.2880191957,0
778,1278,33.1262389173,19.0896135607,6.6926879364,8.3857250046,0
779,1279,33.1269419271,19.0903165706,8.7861460849,5.0446114192,0
780,1280,33.1728198277,19.1361944712,1.5483254969,5.3947255374,1
781,1281,33.1897983036,19.1531729471,5.7434520651,0.5020757912,1
782,1282,33.2373332555,19.2007078989,3.2406322374,5.3411697132,1
783,1283,33.2382708797,19.2016455231,1.5407077302,8.5901727541,0
784,1284,33.2770519788,19.2404266222,0.8425094937,9.9833606334,0
785,1285,33.2996898960,19.2630645395,1.0059017068,8.5552714056,0
786,1286,33.3576840288,19.3210586722,9.8945821335,3.3634384340,0
787,1287,33.4440476828,19.4074223262,1.9291605267,4.4956208231,1
788,1288,33.4807340466,19.4441086900,2.8420005255,5.9640985534,1
789,1289,33.4883137866,19.4516884301,1.1684450909,6.9356748539,0
790,1290,33.5167897326,19.4801643761,1.7670348978,8.6994828329,0
791,1291,33.5996248691,19.5629995125,2.0397515377,1.3965083176,0
792,1292,33.6056073046,19.5689819481,8.0321788236,0.7810509085,0
793,1293,33.6236294828,19.5870041262,5.9570059598,9.9167773702,1
794,1294,33.6602001665,19.6235748099,1.4644934351,4.1053097705,1
795,1295,33.6945781903,19.6579528338,3.2799840646,4.1075148290,1
796,1296,33.7023543523,19.6657289957,1.6603264893,7.8000182586,0
797,1297,33.7152880258,19.6786626693,5.0422762034,2.1003246374,1
798,1298,33.7391606839,19.7025353274,1.0766093816,7.2459840420,0
799,1299,33.7630810974,19.7264557409,8.9149965493,2.4561962981,0
800,1300,33.7785688023,19.7419434457,7.1751461222,1.8409152194,0
801,1301,33.7863987813,19.7497734248,0.7129983688,7.0745066731,0
802,1302,33.7980779884,19.7614526318,7.3085713186,5.1779891638,0
803,1303,33.8207893415,19.7841639850,5.2604978673,0.9661745473,1
804,1304,33.8699195482,19.8332941916,9.4722615735,2.6114769639,0
805,1305,33.8906195371,19.8539941805,9.0301986487,2.6141449509,0
806,1306,33.9635606499,19.9269352933,3.1978862992,4.4329420809,1
807,1307,33.9656759719,19.9290506154,3.9152414262,5.3629447079,1
808,1308,33.9899695300,19.9533441735,1.6332201612,4.2874219850,1
809,1309,34.0043873237,19.9677619671,4.1346888725,0.1641581446,1
810,1310,34.0225308235,19.9859054669,3.8665296467,4.9001736729,1
811,1311,34.0618273542,20.0252019977,2.8959050936,5.9368191350,1
812,1312,34.0656094910,20.0289841344,3.8905063783,2.6778738219,1
813,1313,34.0979789845,20.0613536279,8.9942296574,9.1782768156,0
814,1314,34.0994853118,20.0628599552,3.0886578298,3.7861720700,1
815,1315,34.1234471095,20.0868217529,1.9923941568,8.2882119127,0
816,1316,34.1335943432,20.0969689866,1.7483851348,2.5374177933,0
817,1317,34.1346602524,20.0980348958,7.8124947869,8.4483047252,0
818,1318,34.1867649719,20.1501396154,5.1011586400,7.5436892825,1
819,1319,34.2010171299,20.1643917733,9.1956772405,9.9809170024,0
820,1320,34.2155757400,20.1789503835,6.6764743196,3.5086672040,0
821,1321,34.2284077237,20.1917823671,1.9130754479,1.6949899352,0
822,1322,34.2307936673,20.1941683108,2.6421242508,6.8344321074,0
823,1323,34.2626341227,20.2260087661,1.7075552338,5.5307769063,1
824,1324,34.3021969311,20.2655715746,4.0645010871,6.6585878118,1
825,1325,34.3156684264,20.2790430698,3.5431061240,4.8003397417,1
826,1326,34.3171860212,20.2805606647,9.7114434339,9.6804922173,0
827,1327,34.3425336057,20.3059082491,5.6032229762,6.1524535152,1
828,1328,34.3427548142,20.3061294576,2.2825625924,6.6448054279,1
829,1329,34.3757750496,20.3391496930,6.3013403702,9.8982650881,1
830,1330,34.3857224296,20.3490970730,5.3339804439,3.0380428492,1
831,1331,34.4143043640,20.3776790075,7.2188118552,5.6929620332,0
832,1332,34.4188294819,20.3822041254,7.5295394288,9.8432322504,0
833,1333,34.4473827388,20.4107573822,3.4935244036,6.2823741348,1
834,1334,34.4564580061,20.4198326495,7.1288615848,1.2553734145,0
835,1335,34.4639036409,20.4272782843,2.1829200003,3.1303333912,0
836,1336,34.4679454470,20.4313200905,8.2150050594,6.2336819071,0
837,1337,34.4717195281,20.4350941715,7.5477184064,5.1914815133,0
838,1338,34.4780709008,20.4414455443,0.2326934982,1.5803727256,0
839,1339,34.5466370496,20.5100116931,7.9941127355,3.8604473350,0
840,1340,34.5480754909,20.5114501344,4.2260673965,0.2621633591,1
841,1341,34.5716955614,20.5350702048,2.0584952810,9.3220994170,0
842,1342,34.6241136318,20.5874882753,8.6880909936,0.2752799005,0
843,1343,34.6312154899,20.5945901333,2.4219689915,9.0833447180,0
844,1344,34.6412565502,20.6046311936,1.7710769241,6.2560833031,1
845,1345,34.6527712470,20.6161458904,4.0060973327,5.5904147167,1
846,1346,34.6549757338,20.6183503772,3.0112654892,7.3472666027,0
847,1347,34.6621802238,20.6255548672,0.1246656177,8.1892585634,0
848,1348,34.6822659478,20.6456405913,4.6742837730,1.7028887729,1
849,1349,34.6835390046,20.6469136480,2.3369615534,3.0189835432,0
850,1350,34.6896898064,20.6530644499,1.8844528841,0.0669656890,0
851,1351,34.7098341076,20.6732087510,8.3120147465,1.0898303653,0
852,1352,34.7201465527,20.6835211961,5.3743884887,2.4011471617,1
853,1353,34.7258447905,20.6892194339,1.8798733588,1.1500680346,0
854,1354,34.7552325059,20.7186071493,0.1204839963,0.7783027676,0
855,1355,34.7608305651,20.7242052086,7.6331190361,4.6031611626,0
856,1356,34.7623210200,20.7256956634,4.6213903727,7.3379092700,1
857,1357,34.7734796843,20.7368543277,0.6177571402,6.7603003005,0
858,1358,34.7758252237,20.7391998671,1.6421044138,7.4164840781,0
859,1359,34.7779769380,20.7413515815,2.1797437692,2.7510791096,0
860,1360,34.7872733011,20.7506479445,1.6180488113,4.6297345363,1
861,1361,34.7940576822,20.7574323256,1.8417435882,5.5632776850,1
862,1362,34.8161479196,20.7795225630,9.5972318987,0.6378878431,0
863,1363,34.8273264612,20.7907011046,5.6134719632,9.3459073467,1
864,1364,34.8355876570,20.7989623004,2.4042933937,3.9381871762,1
865,1365,34.8702581038,20.8336327473,0.4093839409,2.4372641124,0
866,1366,34.9019721169,20.8653467604,6.8318664593,4.0303945743,0
867,1367,34.9141573962,20.8775320397,0.9639963896,4.4702329545,1
868,1368,34.9229228966,20.8862975400,5.7626571605,7.8386301194,1
869,1369,34.9643412123,20.9277158557,1.9835944266,3.4065764194,1
870,1370,34.9796830420,20.9430576854,1.2650020306,9.5290880463,0
871,1371,35.0036985727,20.9670732161,6.2935272636,8.6290204992,1
872,1372,35.0104052575,20.9737799009,0.0549191999,8.6854261575,0
873,1373,35.0171220143,20.9804966578,3.0490898065,7.2615589129,0
874,1374,35.0925822306,21.0559568740,6.0780791542,7.7733588817,1
875,1375,35.1160926350,21.0794672785,3.4729815930,5.0982865783,1
876,1376,35.1535093263,21.1168839698,9.0246818023,3.3947023781,0
877,1377,35.1648711139,21.1282457574,4.4647983869,0.1623394135,1
878,1378,35.1945665669,21.1579412103,4.0608924371,4.8194376245,1
879,1379,35.2049050550,21.1682796984,0.5767521784,3.6772212837,1
880,1380,35.2210696174,21.1844442608,2.5026888097,4.5775450452,1
881,1381,35.2212587553,21.1846333988,1.3390875274,4.0502318832,1
882,1382,35.3945395469,21.3579141903,1.4116632084,2.5239656257,0
883,1383,35.3965311890,21.3599058324,8.7622579998,3.0311892233,0
884,1384,35.4067553177,21.3701299612,1.3384883147,3.1010960543,0
885,1385,35.4088875411,21.3722621845,5.3421831751,0.9690518593,1
886,1386,35.4452888679,21.4086635113,2.8314126295,5.1299878689,1
887,1387,35.4771391727,21.4405138162,5.3645373413,3.4450917462,1
888,1388,35.4955697840,21.4589444275,7.6651339251,2.1755761587,0
889,1389,35.6743209398,21.6376955832,2.3679369172,2.8035109728,0
890,1390,35.6768315130,21.6402061564,8.4355010322,3.3968667336,0
891,1391,35.6908628551,21.6542374986,0.0530534124,7.2540140793,0
892,1392,35.7275623514,21.6909369948,5.1172346492,2.4245641330,1
893,1393,35.8011098647,21.7644845081,0.5839391079,7.5908622846,0
894,1394,35.8249604918,21.7883351352,5.9758313927,4.5427152174,1
895,1395,35.8355474510,21.7989220945,5.3758450797,0.0583539997,1
896,1396,35.8730572521,21.8364318955,2.4423579353,6.7412701431,0
897,1397,35.8787397291,21.8421143725,6.0011844806,5.2097843194,1
898,1398,35.9093980245,21.8727726679,3.6125789390,7.1045662727,1
899,1399,35.9386015834,21.9019762269,0.4916597456,7.6029263659,0
900,1400,35.9514816825,21.9148563260,1.5789892486,5.7827673581,1
901,1401,36.0368814852,22.0002561286,8.3148959102,5.5830742769,0
902,1402,36.0399589855,22.0033336289,2.7394267842,6.7804235124,0
903,1403,36.0446004629,22.0079751063,2.4277850951,7.3296868246,0
904,1404,36.1559382091,22.1193128525,3.8362478981,4.0188629652,1
905,1405,36.1628640738,22.1262387172,1.2763475564,1.2266202384,0
906,1406,36.1863254262,22.1497000696,6.9634498160,2.7084387012,0
907,1407,36.2023496717,22.1657243152,4.7965252882,5.5304361280,1
908,1408,36.2395180543,22.2028926978,3.8137127682,5.1353208993,1
909,1409,36.2955789315,22.2589535749,0.4819713637,5.9656122602,1
910,1410,36.3070532097,22.2704278531,6.1766131841,0.8111872046,1
911,1411,36.3148762712,22.2782509147,9.7096042137,2.8330202889,0
912,1412,36.3432538518,22.3066284952,6.6581300332,2.9393949764,1
913,1413,36.3897365744,22.3531112178,4.3744448869,5.9112123369,1
914,1414,36.5125219711,22.4758966145,4.0594690484,9.5857919882,1
915,1415,36.5978668275,22.5612414709,4.7798841077,3.8513578263,1
916,1416,36.7030731191,22.6664477626,4.8401216218,4.4688632468,1
917,1417,36.7475792702,22.7109539136,1.6491171157,1.3390237594,0
918,1418,36.7615237415,22.7248983849,9.8613321715,1.1680941725,0
919,1419,36.8075110538,22.7708856973,5.9134145094,2.3282597264,1
920,1420,36.8101594450,22.7735340884,9.9875998076,8.4692468917,0
921,1421,36.8126895942,22.7760642376,1.0965013330,8.3139491177,0
922,1422,36.8357194730,22.7990941165,3.2633182268,0.9477691619,0
923,1423,36.8366408045,22.8000154479,3.2973630301,8.5096821951,0
924,1424,36.8421317483,22.8055063918,9.3403200579,7.9884841766,0
925,1425,36.8484388806,22.8118135240,0.8057782208,6.4369512211,1
926,1426,36.8549490493,22.8183236927,0.5927239780,2.4676899598,0
927,1427,36.8727870521,22.8361616956,3.3418917808,6.4258151303,1
928,1428,36.8885108342,22.8518854776,0.1086525444,7.4749996709,0
929,1429,36.8987988901,22.8621735335,0.7682054854,7.2243362684,0
930,1430,36.9342699484,22.8976445919,9.6068115479,9.0210331287,0
931,1431,37.0112074907,22.9745821341,4.5479141382,1.1346501969,1
932,1432,37.0812749656,23.0446496090,4.0182860876,1.2554914995,1
933,1433,37.1427602907,23.1061349341,8.8201201434,8.9036448414,0
934,1434,37.2567286430,23.2201032865,3.1136842325,4.9457909953,1
935,1435,37.3323098347,23.2956844781,6.6964548093,2.6018510812,0
936,1436,37.3508208558,23.3141954993,0.1604718955,4.7160119686,1
937,1437,37.3806900691,23.3440647126,2.3643309924,5.5303971523,1
938,1438,37.3876613779,23.3510360213,0.5615599979,9.0736964916,0
939,1439,37.3885122697,23.3518869132,8.7021549004,0.2862797767,0
940,1440,37.4666148876,23.4299895310,2.3113255069,2.7889096383,0
941,1441,37.5728964410,23.5362710845,9.1128133333,8.9689602611,0
942,1442,37.6390584562,23.6024330996,1.1675699064,4.9978030852,1
943,1443,37.6494589400,23.6128335834,0.7083222192,2.5863960336,0
944,1444,37.6597567250,23.6231313684,1.5049058525,8.9749303150,0
945,1445,37.7871274613,23.7505021047,8.7091754393,8.3643613027,0
946,1446,37.7972672840,23.7606419274,0.9963410546,4.4878297843,1
947,1447,37.8149863575,23.7783610009,2.2959503278,8.7980319383,0
948,1448,37.8804719241,23.8438465676,3.6172707894,8.7692931956,1
949,1449,37.8823179297,23.8456925731,1.8224448336,7.4797351424,0
950,1450,37.8899843819,23.8533590254,9.9864739289,3.3070331582,0
951,1451,37.8908767437,23.8542513872,8.7736104587,7.5358909995,0
952,1452,37.8984684107,23.8618430541,8.1150866385,0.9592812832,0
953,1453,37.8991606807,23.8625353242,8.4720568775,5.1665823603,0
954,1454,37.9009097299,23.8642843734,3.1394673840,7.3930908674,0
955,1455,37.9260665196,23.8894411630,1.4377047541,4.4809070103,1
956,1456,37.9420741590,23.9054488024,2.5443504746,1.5148769588,0
957,1457,37.9527654781,23.9161401216,7.0855928355,1.6211254983,0
958,1458,37.9692900266,23.9326646701,5.3000828291,0.5694819434,1
959,1459,37.9734835434,23.9368581868,0.3020090968,5.9778645136,1
960,1460,37.9897448391,23.9531194826,2.1516498335,4.5526074733,1
961,1461,38.0384869129,24.0018615563,8.7435970624,5.8801813424,0
962,1462,38.0467409637,24.0101156071,7.3108616643,5.2514981667,0
963,1463,38.0597176664,24.0230923098,9.5552945773,1.8331272310,0
964,1464,38.0951625186,24.0585371621,8.9679734300,6.4139092243,0
965,1465,38.1063142387,24.0696888821,2.6957520009,5.0573371698,1
966,1466,38.2146796763,24.1780543197,5.5865359644,2.2527694667,1
967,1467,38.2265724664,24.1899471099,7.2188245177,3.7542065657,0
968,1468,38.2515733052,24.2149479486,9.6530664824,0.0555344930,0
969,1469,38.3193735959,24.2827482394,9.3736259255,7.8454515653,0
970,1470,38.3376132444,24.3009878878,9.9394453962,6.1663133967,0
971,1471,38.3414433400,24.3048179834,1.5922030688,0.2965722511,0
972,1472,38.3760442171,24.3394188605,2.1688684276,9.3203397515,0
973,1473,38.4136799255,24.3770545690,2.2950630878,4.0676913238,1
974,1474,38.4178279012,24.3812025447,3.1537020365,9.9051253728,0
975,1475,38.4329186195,24.3962932630,1.3592081349,7.4973376717,0
976,1476,38.4938561182,24.4572307616,9.6838535651,0.7425729303,0
977,1477,38.4957109569,24.4590856003,8.4443984157,3.8989678109,0
978,1478,38.5262525167,24.4896271601,3.2430952923,6.4848013907,1
979,1479,38.5591868110,24.5225614545,8.9133078016,5.1846585397,0
980,1480,38.5794416320,24.5428162755,3.6657571055,7.9739170341,1
981,1481,38.5948591471,24.5582337905,8.4445777755,0.6707687013,0
982,1482,38.6075951363,24.5709697798,4.4064594507,1.5290249655,1
983,1483,38.6249656906,24.5883403341,9.0833537799,4.8962723498,0
984,1484,38.6262166202,24.5895912636,7.2497345048,3.1845306064,0
985,1485,38.6313579360,24.5947325794,9.0310686801,4.3682928395,0
986,1486,38.6465212650,24.6098959084,7.1844111124,5.6291207169,0
987,1487,38.6670921591,24.6304668026,8.6090211146,6.2684367097,0
988,1488,38.6843065133,24.6476811568,0.8828094465,9.6732965919,0
989,1489,38.6903530733,24.6537277167,1.9131739228,4.5330836320,1
990,1490,38.7152876564,24.6786622998,2.9201545686,4.3786688759,1
991,1491,38.7155953539,24.6789699973,8.7843713289,0.1000081626,0
992,1492,38.7384943318,24.7018689752,9.3068859436,6.9234198914,0
993,1493,38.7479400085,24.7113146520,1.4416641187,6.0913437905,1
994,1494,38.7951224133,24.7584970567,8.8826942557,4.3114515163,0
995,1495,38.8254647961,24.7888394395,9.1443877344,5.9777414059,0
996,1496,38.9873238819,24.9506985253,2.0066812036,0.7100913800,0
997,1497,39.0640134292,25.0273880726,1.1518280617,8.2646157113,0
998,1498,39.1231673390,25.0865419825,1.8563319344,0.2721936904,0
999,1499,39.1414136324,25.1047882758,9.3265572332,4.2715206025,0
1000,1500,39.1613012475,25.1246758909,0.7924835559,7.2324214370,0
